date,tavg,tmin,tmax,prcp,snow,wdir,wspd,wpgt,pres,tsun
1/1/2021 0:00,-1.5,-5.2,3.5,,,,5.6,,1020.7,
1/2/2021 0:00,-2,-7.7,4.9,,,,10,,1017.5,
1/3/2021 0:00,1.1,-4.6,8.2,,,,15.1,,1014.7,
1/4/2021 0:00,3.1,-1.8,9.3,,,,8.8,,1019.2,
1/5/2021 0:00,1.9,-2.1,7.9,,,,15.1,,1014,
1/6/2021 0:00,-0.2,-4.9,5.2,,,,9.1,,1023.7,
1/7/2021 0:00,-0.6,-6.6,6.3,,,,7.4,,1021.5,
1/8/2021 0:00,-1,-5.9,5.1,,,,6.3,,1024.4,
1/9/2021 0:00,-2.8,-5.1,-0.4,,,,7.4,,1024.9,
1/10/2021 0:00,-2.9,-5.9,1.1,,,,4.8,,1027.7,
1/11/2021 0:00,-3.8,-10.5,4.3,,,,4.1,,1026,
1/12/2021 0:00,-1,-9.5,8.2,,,,7.4,,1023,
1/13/2021 0:00,5.3,-0.8,13.4,,,,20.1,,1014.9,
1/14/2021 0:00,1.1,-4.2,4.5,,,,29.8,,1022.1,
1/15/2021 0:00,-1.9,-8.2,4.6,,,,14.4,,1023.3,
1/16/2021 0:00,0.9,-3.5,6.6,,,,13.4,,1018.5,
1/17/2021 0:00,2.1,-2.3,7.4,,,,14.8,,1017.2,
1/18/2021 0:00,0.1,-3.3,3,,,,15.4,,1016.8,
1/19/2021 0:00,-2.1,-4.9,2.4,,,,7.2,,1028.9,
1/20/2021 0:00,1.1,-6.8,10.3,,,,13.9,,1018.2,
1/21/2021 0:00,2.2,-1.7,7.2,,,,9,,1014.5,
1/22/2021 0:00,0.4,-4.5,6,,,,9.2,,1013.5,
1/23/2021 0:00,-0.4,-5.4,5.3,,,,10.7,,1007.8,
1/24/2021 0:00,-2.2,-5.8,1.4,,,,9.1,,1010.4,
1/25/2021 0:00,-3.7,-6.5,0.5,,,,10.6,,1006,
1/26/2021 0:00,-6.5,-8.4,-5.1,,,,9.4,,1012.4,
1/27/2021 0:00,-5.7,-13.4,2.1,,,,9.9,,1021.5,
1/28/2021 0:00,0.9,-7.5,10.8,,,,8.6,,1019.7,
1/29/2021 0:00,5.8,-1.3,14.6,,,,12,,1008.3,
1/30/2021 0:00,4.1,1,8.8,,,,15.2,,1008.1,
1/31/2021 0:00,1.7,-4.1,8.9,,,,5.6,,1027,
2/1/2021 0:00,2.3,-5.3,10.6,,,,5.4,,1023.7,
2/2/2021 0:00,5.9,-1.6,15,,,,6.8,,1016.7,
2/3/2021 0:00,7,2.3,14,,,,17,,1006.6,
2/4/2021 0:00,0.3,-3.4,4.5,,,,22.7,,1013.2,
2/5/2021 0:00,-0.5,-3.9,3.9,,,,17.8,,1010.2,
2/6/2021 0:00,0.2,-3.1,4,,,,15.8,,1010.2,
2/7/2021 0:00,2.3,-3.2,9.7,,,,28.3,,1005,
2/8/2021 0:00,-1.2,-9,6.4,,,,22.6,,1008.4,
2/9/2021 0:00,-3,-8.7,3.2,,,,20.1,,1013.7,
2/10/2021 0:00,-3.7,-8.9,1.7,,,,16.1,,1015.2,
2/11/2021 0:00,-5,-10.4,1,,,,20.8,,1016.7,
2/12/2021 0:00,-8.5,-12.2,-6.1,,,,20.8,,1018.1,
2/13/2021 0:00,-12.2,-14.3,-9.5,,,,21.8,,1018.4,
2/14/2021 0:00,-14.3,-17.5,-10.1,,,,16.6,,1024.3,
2/15/2021 0:00,-13,-20.2,-6.4,,,,14.7,,1017.9,
2/16/2021 0:00,-4.7,-10.9,1.9,,,,10.7,,1004.2,
2/17/2021 0:00,-3.7,-7.1,-0.1,,,,9.6,,1012.8,
2/18/2021 0:00,-3.6,-7,1,,,,9.1,,1024.8,
2/19/2021 0:00,-0.8,-8.1,7.4,,,,15.4,,1020.5,
2/20/2021 0:00,1.9,-4.3,8.4,,,,13.3,,1011.9,
2/21/2021 0:00,0.6,-2.6,4.7,,,,15.7,,1018.7,
2/22/2021 0:00,3.7,-3.2,12,,,,18.9,,1019.7,
2/23/2021 0:00,5.9,0.2,13.7,,,,22.3,,1011.5,
2/24/2021 0:00,0.2,-3.6,4.2,,,,16.2,,1020.2,
2/25/2021 0:00,-1.9,-5.2,3.1,,,,9.9,,1024.1,
2/26/2021 0:00,-0.6,-8.2,6.1,,,,16.7,,1010.7,
2/27/2021 0:00,-1.7,-4,1.9,,,,14.9,,1008.8,
2/28/2021 0:00,-2.9,-6.7,1.9,,,,11,,1021.9,
3/1/2021 0:00,0.3,-7.5,9.1,,,,8,,1026.3,
3/2/2021 0:00,5.2,-3.5,14.7,,,,8,,1017.3,
3/3/2021 0:00,6.9,-0.4,15.7,,,,6.9,,1015,
3/4/2021 0:00,4.1,1.8,6.7,,,,13,,1015.9,
3/5/2021 0:00,6.8,0.7,14.6,,,,8,,1024.2,
3/6/2021 0:00,8.4,0.3,16.9,,,,10.3,,1017.2,
3/7/2021 0:00,10.6,3.7,18.9,,,,12.2,,1014.7,
3/8/2021 0:00,10.8,5.1,17.9,,,,10,,1013.8,
3/9/2021 0:00,10.6,4.7,17.8,,,,12.5,,1007.2,
3/10/2021 0:00,4.9,0,8.4,,,,15.8,,1007.2,
3/11/2021 0:00,1.9,-3.7,7.2,,,,9.4,,1017.5,
3/12/2021 0:00,2.6,-0.5,6.7,,,,11.6,,1021.1,
3/13/2021 0:00,0.8,-0.8,2.9,,,,18.9,,1017.8,
3/14/2021 0:00,-1.2,-2.9,1.5,,,,30.8,,1009.9,
3/15/2021 0:00,1.2,-4.3,8.3,,,,12.3,,1010.4,
3/16/2021 0:00,0.9,-3.1,4,,,,9.7,,1010.4,
3/17/2021 0:00,1.7,-1.8,5.5,,,,9.4,,1019,
3/18/2021 0:00,2.5,-4.7,9.7,,,,8.2,,1024.9,
3/19/2021 0:00,6.3,-0.9,15.1,,,,9.7,,1021.5,
3/20/2021 0:00,11.1,2.3,19.9,,,,18.5,,1010.6,
3/21/2021 0:00,5.8,0.1,9.4,,,,18,,1011.2,
3/22/2021 0:00,2.4,-1.7,6.1,,,,10.7,,1012.6,
3/23/2021 0:00,1.5,-1.3,5.5,,,,14.5,,1011.1,
3/24/2021 0:00,1.3,-1.5,3.9,,,,13.9,,1014.2,
3/25/2021 0:00,3.3,-2.5,8.5,,,,12.4,,1005.3,
3/26/2021 0:00,3.4,0.6,6.3,,,,10.2,,1008.4,
3/27/2021 0:00,4,-0.8,9.6,,,,13.3,,1020.6,
3/28/2021 0:00,7.4,-0.6,16,,,,15.7,,1021.8,
3/29/2021 0:00,10.9,5.2,19.3,,,,27.8,,1004.5,
3/30/2021 0:00,1.3,-1.4,5.3,,,,19.1,,1017.9,
3/31/2021 0:00,2.3,-4.6,9.6,,,,10.9,,1030.2,
4/1/2021 0:00,7.3,-2.1,16.6,,,,9,,1024,
4/2/2021 0:00,12.5,3.9,21.9,,,,9.9,,1015.5,
4/3/2021 0:00,14.4,5.9,23.1,,,,7.1,,1018.9,
4/4/2021 0:00,16.2,8.5,23.5,,,,8,,1014.8,
4/5/2021 0:00,17,9,23.9,,,,14.9,,1004.2,
4/6/2021 0:00,9.6,1.4,15.6,,,,19.4,,1003.5,
4/7/2021 0:00,7.5,1.4,14.2,,,,15.8,,1013.9,
4/8/2021 0:00,11.9,4.5,19.7,,,,17.1,,1007.3,
4/9/2021 0:00,7,3.8,10,,,,21.8,,1012,
4/10/2021 0:00,9.7,-0.4,19,,,,12.7,,1010.3,
4/11/2021 0:00,9.6,5.5,14.4,,,,19.4,,1006.3,
4/12/2021 0:00,4.6,0.1,8.8,,,,16.4,,1016.3,
4/13/2021 0:00,3.1,0.9,6.5,,,,18.5,,1020.8,
4/14/2021 0:00,3.8,-0.6,8.7,,,,21.1,,1018.6,
4/15/2021 0:00,2.7,-0.8,6.1,,,,20.8,,1013.8,
4/16/2021 0:00,1,-1.9,4,,,,15.8,,1020.9,
4/17/2021 0:00,2.1,-2.7,6,,,,10.3,,1024.7,
4/18/2021 0:00,5.4,-2.9,12.1,,,,10.1,,1020.9,
4/19/2021 0:00,3,-2.8,7.2,,,,20,,1016.2,
4/20/2021 0:00,-0.4,-5.7,5,,,,12,,1024.6,
4/21/2021 0:00,0.1,-3.6,3.7,,,,13.3,,1021.2,
4/22/2021 0:00,5.2,-1.3,10.9,,,,11.1,,1007.8,
4/23/2021 0:00,7.3,2.5,11.8,,,,9,,1008.5,
4/24/2021 0:00,10.1,1.7,18,,,,9.9,,1010.2,
4/25/2021 0:00,16.3,7.7,24.4,,,,16.9,,1001.5,
4/26/2021 0:00,17.5,10.1,24.9,,,,19.2,,997.4,
4/27/2021 0:00,10.2,6.3,13.7,,,,16.3,,1004.8,
4/28/2021 0:00,9,5.3,13.3,,,,12.8,,1015.6,
4/29/2021 0:00,12.7,4.9,19.7,,,,6.7,,1022.5,
4/30/2021 0:00,16.7,7.8,24.6,,,,10.1,,1020.2,
5/1/2021 0:00,19.8,10.7,28,,,,13.8,,1006.8,
5/2/2021 0:00,15,10,20,,,,17.7,,999.7,
5/3/2021 0:00,6.8,4.1,9,,,,18.9,,1012.5,
5/4/2021 0:00,8.4,2.2,13.2,,,,7.6,,1016.8,
5/5/2021 0:00,10.8,5.2,15.4,,,,11.9,,1019,
5/6/2021 0:00,13.6,5.4,21.2,,,,8.1,,1021.4,
5/7/2021 0:00,18.1,8.8,26.4,,,,13.2,,1010.3,
5/8/2021 0:00,16.1,11.2,21.7,,,,18.8,,1003.4,
5/9/2021 0:00,8.2,5.4,10.5,,,,15.7,,1014.9,
5/10/2021 0:00,4.9,3.2,6.3,,,,19,,1017.1,
5/11/2021 0:00,4.2,1.2,6.7,,,,14.1,,1021.7,
5/12/2021 0:00,8.6,0.8,16.5,,,,8.9,,1023,
5/13/2021 0:00,13.9,5.4,21.6,,,,9.9,,1018.2,
5/14/2021 0:00,15,9.4,20.6,,,,11.6,,1014.3,
5/15/2021 0:00,14.6,10.9,19.5,,,,12.8,,1011.6,
5/16/2021 0:00,14.1,11,18.4,,,,11.6,,1011.5,
5/17/2021 0:00,13.3,10.9,16.7,,,,13.4,,1011.9,
5/18/2021 0:00,12.9,9,16.2,,,,10.9,,1010,
5/19/2021 0:00,14.8,8,20.5,,,,11.5,,1007.8,
5/20/2021 0:00,18.3,11,25.9,,,,17.4,,1003.6,
5/21/2021 0:00,19.2,12.1,24.7,,,,24.3,,1005.4,
5/22/2021 0:00,16.8,12.3,22.2,,,,18.8,,1013.2,
5/23/2021 0:00,17,12.3,22.5,,,,21.5,,1009.8,
5/24/2021 0:00,15.3,7.1,22.3,,,,12.6,,1012.9,
5/25/2021 0:00,16.8,9,23.5,,,,11,,1014,
5/26/2021 0:00,17.8,11.1,23.8,,,,15.5,,1012.9,
5/27/2021 0:00,16.9,10.8,22.1,,,,11.4,,1014.7,
5/28/2021 0:00,17.8,9.4,24.9,,,,10.9,,1014.1,
5/29/2021 0:00,16.9,12.3,22.2,,,,14.1,,1012.5,
5/30/2021 0:00,12.8,10.3,15.5,,,,21.6,,1017.5,
5/31/2021 0:00,12.2,8.5,15.9,,,,11.6,,1021.5,
6/1/2021 0:00,14.1,7.9,19.6,,,,9,,1019.4,
6/2/2021 0:00,17,9.9,23.3,,,,8.4,,1015.3,
6/3/2021 0:00,19.6,11.4,26.8,,,,8.3,,1013.3,
6/4/2021 0:00,22.7,13.7,30.8,,,,9.5,,1010.6,
6/5/2021 0:00,23.6,15.3,31.4,,,,10.7,,1006.2,
6/6/2021 0:00,23.6,17.4,30.2,,,,13,,1004.4,
6/7/2021 0:00,23.8,15.1,31.2,,,,12.4,,1005.4,
6/8/2021 0:00,24.9,15.8,32.2,,,,15.7,,1006.4,
6/9/2021 0:00,24.6,15.9,31.5,,,,13,,1011.7,
6/10/2021 0:00,26.6,17.5,34.3,,,,20.2,,1006.6,
6/11/2021 0:00,22.2,16.4,27.4,,,,16.5,,1011.3,
6/12/2021 0:00,23.4,13.1,31.4,,,,13.3,,1013.2,
6/13/2021 0:00,25.4,17.5,32.1,,,,13.3,,1013.4,
6/14/2021 0:00,27,17.8,36,,,,12.1,,1013.7,
6/15/2021 0:00,28.4,19.3,37.3,,,,12.6,,1013.7,
6/16/2021 0:00,28.5,20.1,35.9,,,,13,,1013.1,
6/17/2021 0:00,28.2,19.3,35.9,,,,13.5,,1010.5,
6/18/2021 0:00,25.8,20.1,31,,,,17,,1010.4,
6/19/2021 0:00,24.1,18.1,30.5,,,,14.3,,1008.2,
6/20/2021 0:00,23.4,17.3,31,,,,21.4,,1005.4,
6/21/2021 0:00,19.1,14.2,24.6,,,,17.1,,1015,
6/22/2021 0:00,24.4,13.7,33.1,,,,13.4,,1007.9,
6/23/2021 0:00,26.8,17.7,34,,,,15.7,,1006.3,
6/24/2021 0:00,23.1,17.9,28.7,,,,13.1,,1010.2,
6/25/2021 0:00,18.9,14.4,24.1,,,,15.2,,1011.5,
6/26/2021 0:00,16.8,12.7,21.5,,,,12.4,,1015.3,
6/27/2021 0:00,16.1,11.9,20.6,,,,12.9,,1018.4,
6/28/2021 0:00,16.4,11.2,21.9,,,,11.6,,1020,
6/29/2021 0:00,18,12.1,24.2,,,,11.9,,1019.8,
6/30/2021 0:00,19.9,13.8,25.5,,,,10.2,,1017.5,
7/1/2021 0:00,20.2,15.9,26.1,,,,12.2,,1015.9,
7/2/2021 0:00,21.5,14.8,28.1,,,,10.5,,1015.8,
7/3/2021 0:00,24.5,17.5,31.5,,,,10.1,,1013,
7/4/2021 0:00,25.4,17.9,32.9,,,,10.6,,1011.7,
7/5/2021 0:00,24.7,17.9,31.8,,,,10.9,,1012.2,
7/6/2021 0:00,23.1,18.5,29.2,,,,11.6,,1015.2,
7/7/2021 0:00,24.2,16.4,31.7,,,,11,,1014.9,
7/8/2021 0:00,27.4,17.9,35.8,,,,14.1,,1009.6,
7/9/2021 0:00,28.4,19.9,36.1,,,,15,,1010.2,
7/10/2021 0:00,25,19.5,29.8,,,,17.4,,1015.1,
7/11/2021 0:00,23.9,16.1,30.8,,,,10.7,,1016.3,
7/12/2021 0:00,25.2,16.2,32.9,,,,12.7,,1014.1,
7/13/2021 0:00,25,18.5,31.6,,,,15.1,,1012.8,
7/14/2021 0:00,22.5,18.3,28,,,,14.6,,1012.6,
7/15/2021 0:00,22.7,15.9,29.6,,,,11.2,,1013.4,
7/16/2021 0:00,24.6,16.9,31.5,,,,12,,1011.8,
7/17/2021 0:00,25.5,18.4,32.8,,,,10.9,,1014.2,
7/18/2021 0:00,25.6,18.7,32.3,,,,11.6,,1017.9,
7/19/2021 0:00,26.2,18.6,33.1,,,,12.3,,1018.5,
7/20/2021 0:00,25.9,19.2,32.8,,,,14.2,,1015.5,
7/21/2021 0:00,25.4,19.8,31.8,,,,13.4,,1013.2,
7/22/2021 0:00,26,19.5,32.7,,,,11.9,,1012.8,
7/23/2021 0:00,26,20.5,32.4,,,,12.5,,1013.3,
7/24/2021 0:00,24,19.4,27.7,,,,13.4,,1016,
7/25/2021 0:00,24,18.1,30.4,,,,12.8,,1015.3,
7/26/2021 0:00,25.9,18.8,32.7,,,,10.7,,1013.1,
7/27/2021 0:00,26.9,18.1,34,,,,11.7,,1013.8,
7/28/2021 0:00,28,19.3,35.3,,,,11.7,,1013.4,
7/29/2021 0:00,27.4,20.7,33.6,,,,13.4,,1014.2,
7/30/2021 0:00,26.6,20.6,33.2,,,,13.8,,1015,
7/31/2021 0:00,21,17.6,25.7,,,,17.6,,1020.5,
8/1/2021 0:00,19.9,15.4,24.5,,,,11.3,,1023.1,
8/2/2021 0:00,22,15.9,28.1,,,,9.6,,1019.1,
8/3/2021 0:00,21.8,18,27.3,,,,10.4,,1016.3,
8/4/2021 0:00,21.4,15.9,27.5,,,,9.5,,1017.1,
8/5/2021 0:00,24.1,15.6,31.6,,,,10.2,,1015.8,
8/6/2021 0:00,25.4,17.2,33,,,,13.4,,1010.3,
8/7/2021 0:00,24,17.8,29.8,,,,12.4,,1009.2,
8/8/2021 0:00,24.8,15.2,32.5,,,,11.1,,1009.7,
8/9/2021 0:00,26.7,17.5,33.9,,,,11.3,,1008.9,
8/10/2021 0:00,26.2,18.6,33.1,,,,11.6,,1011.1,
8/11/2021 0:00,26.4,17.7,33.5,,,,11,,1011.3,
8/12/2021 0:00,25.6,20.2,32.3,,,,16,,1013.6,
8/13/2021 0:00,22.5,17.4,29.2,,,,12.6,,1019.4,
8/14/2021 0:00,24.1,16.9,31.5,,,,10.7,,1018.6,
8/15/2021 0:00,24.4,18.3,30.7,,,,11.7,,1014.4,
8/16/2021 0:00,25,16.7,32.2,,,,9.6,,1011.1,
8/17/2021 0:00,25.7,17.2,33.2,,,,13.4,,1007.2,
8/18/2021 0:00,25.5,18,32.1,,,,16.2,,1005.8,
8/19/2021 0:00,22.9,18.9,27.7,,,,14.3,,1007.2,
8/20/2021 0:00,21.1,15.5,26.4,,,,17.1,,1008.4,
8/21/2021 0:00,20.1,14.5,25.6,,,,17.8,,1012.3,
8/22/2021 0:00,24.5,17.1,32.3,,,,17.4,,1007.5,
8/23/2021 0:00,25.2,16.8,31.9,,,,11.2,,1008.9,
8/24/2021 0:00,25.9,17.3,32.9,,,,10.7,,1010.3,
8/25/2021 0:00,24.3,17.4,30.8,,,,12.6,,1014.8,
8/26/2021 0:00,24.1,16.8,30.9,,,,12.1,,1013.1,
8/27/2021 0:00,24.9,16.3,32.7,,,,13.7,,1009.1,
8/28/2021 0:00,25.2,18.1,31.6,,,,14.8,,1009.2,
8/29/2021 0:00,22.6,17.9,27.5,,,,16.4,,1014.8,
8/30/2021 0:00,24.6,15.6,33.2,,,,12,,1009.3,
8/31/2021 0:00,25.9,17.5,33.2,,,,12,,1005.6,
9/1/2021 0:00,23.5,18.1,29,,,,14.1,,1004.8,
9/2/2021 0:00,21.3,16.1,27.2,,,,9.6,,1009.5,
9/3/2021 0:00,20.6,16.5,26.4,,,,11.6,,1013.3,
9/4/2021 0:00,20.1,14.6,26.2,,,,9.8,,1015.6,
9/5/2021 0:00,21.7,14.3,28.6,,,,9,,1016.1,
9/6/2021 0:00,24,14.5,32.9,,,,10,,1013.8,
9/7/2021 0:00,23.7,16.4,30.4,,,,10.3,,1015.6,
9/8/2021 0:00,23.1,14.7,30.8,,,,8.8,,1016.6,
9/9/2021 0:00,24.8,15.1,34.5,,,,8.7,,1014.3,
9/10/2021 0:00,25.9,16.8,35.4,,,,10.2,,1013.2,
9/11/2021 0:00,25.8,18,33.1,,,,10.7,,1012.2,
9/12/2021 0:00,23,17.5,28.7,,,,9.9,,1014.2,
9/13/2021 0:00,22.1,16.1,28.1,,,,13,,1011.2,
9/14/2021 0:00,20.1,15,25.4,,,,11,,1012.6,
9/15/2021 0:00,21.7,13.8,30.7,,,,11.3,,1009.9,
9/16/2021 0:00,23.2,15,31.4,,,,12,,1006.2,
9/17/2021 0:00,19,15.2,23.5,,,,12.8,,1017,
9/18/2021 0:00,21,12,30.9,,,,12,,1014.9,
9/19/2021 0:00,22.2,15.9,29.3,,,,17.5,,1006.9,
9/20/2021 0:00,15.9,12,18.7,,,,22.2,,1013.3,
9/21/2021 0:00,12.2,6.8,17.8,,,,9.3,,1028,
9/22/2021 0:00,15.2,7,25.2,,,,7.9,,1022.8,
9/23/2021 0:00,17.9,9.9,26.3,,,,8.9,,1014.8,
9/24/2021 0:00,17.4,11.6,23.2,,,,9.3,,1017.5,
9/25/2021 0:00,18.6,10,28.3,,,,9,,1015.3,
9/26/2021 0:00,21,12.8,29.6,,,,9.8,,1010.4,
9/27/2021 0:00,20.7,14.3,28.1,,,,10.3,,1010,
9/28/2021 0:00,18.5,14.4,24.3,,,,12.8,,1005.4,
9/29/2021 0:00,14.4,10,18.4,,,,17.4,,1009.5,
9/30/2021 0:00,11.4,8,16.1,,,,10.7,,1021,
10/1/2021 0:00,11.5,8.1,16.6,,,,8.6,,1019.5,
10/2/2021 0:00,13.5,8.4,20,,,,8.7,,1020,
10/3/2021 0:00,14.8,7.1,23.4,,,,6.8,,1019.4,
10/4/2021 0:00,15.9,8.3,24.9,,,,8.2,,1019.6,
10/5/2021 0:00,17,9.6,25.6,,,,13.3,,1018.3,
10/6/2021 0:00,16.8,10.8,23.8,,,,10.6,,1013.7,
10/7/2021 0:00,16.1,10.2,22.9,,,,7.6,,1014,
10/8/2021 0:00,15.2,10.3,20.7,,,,9.8,,1012.8,
10/9/2021 0:00,14.3,11.1,19.8,,,,17.6,,1007.2,
10/10/2021 0:00,11.3,6.7,16.5,,,,9.4,,1010.3,
10/11/2021 0:00,10.9,3.9,18.2,,,,17.8,,1006.1,
10/12/2021 0:00,8.4,4.3,13.2,,,,17.5,,999.9,
10/13/2021 0:00,6.8,1.3,13.8,,,,18.7,,1005.7,
10/14/2021 0:00,4.5,2.6,8.4,,,,13.2,,1014,
10/15/2021 0:00,4.3,-0.4,11,,,,13,,1025,
10/16/2021 0:00,8,0.4,15.4,,,,6.5,,1026,
10/17/2021 0:00,11.4,3.6,21.4,,,,6.7,,1018.7,
10/18/2021 0:00,13.2,6.4,21.4,,,,11.2,,1007.8,
10/19/2021 0:00,8.9,4,14.6,,,,16.8,,1009.1,
10/20/2021 0:00,7.3,0.9,15.6,,,,9.9,,1020.5,
10/21/2021 0:00,8.7,2.7,14.8,,,,7.1,,1022.3,
10/22/2021 0:00,11.5,4.3,20.4,,,,6.5,,1015.6,
10/23/2021 0:00,11.3,6.2,17.9,,,,9.4,,1005.8,
10/24/2021 0:00,10.9,6.1,17.3,,,,11.7,,1008.3,
10/25/2021 0:00,12.7,5.1,22,,,,15,,1008.1,
10/26/2021 0:00,11.5,5.9,17.7,,,,22.3,,999.5,
10/27/2021 0:00,6.8,3.4,10.9,,,,23.8,,1013.2,
10/28/2021 0:00,7.5,3.8,13,,,,14.3,,1021.8,
10/29/2021 0:00,10.2,2.7,20,,,,8.4,,1019.2,
10/30/2021 0:00,11.2,5.1,19.1,,,,11.9,,1014.1,
10/31/2021 0:00,5,2.3,7.8,,,,14.3,,1020.6,
11/1/2021 0:00,3.5,0.4,6.6,,,,16.7,,1022.4,
11/2/2021 0:00,3.2,2.1,4.6,,,,10.9,,1023.7,
11/3/2021 0:00,6.6,1.7,12.6,,,,6.9,,1023.6,
11/4/2021 0:00,8.4,1.3,17.1,,,,6.9,,1018.8,
11/5/2021 0:00,11.6,5.5,20.4,,,,10.1,,1016.1,
11/6/2021 0:00,11.8,4.1,21.7,,,,9,,1016.6,
11/7/2021 0:00,12.5,6.2,21.6,,,,10.5,,1013.4,
11/8/2021 0:00,7.8,4.2,12.3,,,,10.8,,1019.1,
11/9/2021 0:00,7.1,-0.1,14.4,,,,10.3,,1018.1,
11/10/2021 0:00,7.3,3.2,11.1,,,,22,,1014,
11/11/2021 0:00,4.3,0.4,9.8,,,,25.6,,1019.6,
11/12/2021 0:00,5.2,-0.8,11.4,,,,16,,1023.8,
11/13/2021 0:00,9.9,4,17.7,,,,18.9,,1019,
11/14/2021 0:00,9.8,3.6,18.1,,,,18.2,,1019.2,
11/15/2021 0:00,12.9,7.2,20.5,,,,14.4,,1016.3,
11/16/2021 0:00,11.6,7.1,18.7,,,,18,,1007.9,
11/17/2021 0:00,2.1,-2.6,6.2,,,,15.5,,1023.4,
11/18/2021 0:00,0.4,-7,8.4,,,,8.5,,1026.6,
11/19/2021 0:00,6.4,0.3,12.8,,,,12.3,,1016.6,
11/20/2021 0:00,5,1.8,9,,,,9.5,,1018.7,
11/21/2021 0:00,4.4,0.1,9.8,,,,9.4,,1028.4,
11/22/2021 0:00,6.3,-0.7,15.9,,,,7.4,,1023.9,
11/23/2021 0:00,7.7,-0.4,17,,,,12,,1009.6,
11/24/2021 0:00,3,-2,6.6,,,,15.2,,1017.8,
11/25/2021 0:00,1.8,-5.4,11.8,,,,7.9,,1030.4,
11/26/2021 0:00,6.8,-1.6,16.9,,,,7.6,,1021,
11/27/2021 0:00,6.3,2.2,11.4,,,,8.5,,1021.4,
11/28/2021 0:00,7.1,-1.1,17.3,,,,6.2,,1023.3,
11/29/2021 0:00,10.5,3.5,19.7,,,,8.1,,1019.2,
11/30/2021 0:00,7.9,4.1,13.6,,,,9.8,,1020.8,
12/1/2021 0:00,9.8,2.6,19,,,,8,,1020.7,
12/2/2021 0:00,10.5,3.2,19.2,,,,5.5,,1018.6,
12/3/2021 0:00,7.8,3.9,14.4,,,,6.1,,1019,
12/4/2021 0:00,7,0,16.3,,,,6.8,,1017.3,
12/5/2021 0:00,7.1,-0.5,14.4,,,,26.1,,1012.2,
12/6/2021 0:00,-1.9,-6.1,1.5,,,,11,,1020.2,
12/7/2021 0:00,2.6,-1.2,7.9,,,,10.2,,1011.8,
12/8/2021 0:00,3.8,-2,9.4,,,,10.1,,1008.3,
12/9/2021 0:00,4.8,2.2,10.1,,,,12.8,,1002.2,
12/10/2021 0:00,-1.9,-6.5,1.8,,,,18.4,,1006.4,
12/11/2021 0:00,-2.4,-8.2,5.6,,,,15.4,,1018.7,
12/12/2021 0:00,3.6,-3.2,13.8,,,,10.5,,1012.7,
12/13/2021 0:00,3.6,-2.1,10.2,,,,8.7,,1016.2,
12/14/2021 0:00,6,-0.2,13.5,,,,13.8,,1010.5,
12/15/2021 0:00,2.5,-3.5,6.2,,,,29.1,,1001.6,
12/16/2021 0:00,-1,-6.6,6.3,,,,10.4,,1014.2,
12/17/2021 0:00,-2.4,-6.1,2.1,,,,13.4,,1017.8,
12/18/2021 0:00,-4.3,-10.7,3.4,,,,7.3,,1026.5,
12/19/2021 0:00,0.6,-7,11.4,,,,9.3,,1019,
12/20/2021 0:00,2,-3.4,12.1,,,,9.3,,1019.8,
12/21/2021 0:00,4.2,-1.5,13.1,,,,14.7,,1016.8,
12/22/2021 0:00,4.2,-2.9,13.4,,,,12.8,,1014,
12/23/2021 0:00,5.5,-0.3,13.7,,,,12.6,,1006.5,
12/24/2021 0:00,4.7,1.4,7.5,,,,13.1,,997.8,
12/25/2021 0:00,3.4,-2,9.6,,,,11.5,,1006.6,
12/26/2021 0:00,1.9,-4,7.9,,,,22.5,,1001.3,
12/27/2021 0:00,-1.3,-6.2,4.5,,,,15.2,,1004.4,
12/28/2021 0:00,-3,-5.8,0.3,,,,15.4,,1000.7,
12/29/2021 0:00,-5.3,-9.6,-0.6,,,,9.5,,1006.7,
12/30/2021 0:00,-0.4,-6.6,6.8,,,,20.9,,1004,
12/31/2021 0:00,-2.7,-7.7,1.5,,,,16.3,,1001.2,
1/1/2022 0:00,-12.1,-16.1,-8.2,,,,14.7,,1016.3,
1/2/2022 0:00,-7,-16.4,2.6,,,,8.3,,1026.2,
1/3/2022 0:00,-1.5,-8.4,6.8,,,,9.9,,1019.9,
1/4/2022 0:00,0.4,-3.6,7.4,,,,21.1,,1011.8,
1/5/2022 0:00,-4.7,-12.2,2.5,,,,21.8,,1014.5,
1/6/2022 0:00,-8.7,-15.4,-4.3,,,,17.6,,1018.5,
1/7/2022 0:00,1.8,-9.9,10,,,,12.3,,1005.9,
1/8/2022 0:00,1.3,-1.9,5,,,,11.1,,1010.8,
1/9/2022 0:00,-2.7,-8.3,2.4,,,,6.1,,1033.1,
1/10/2022 0:00,-0.4,-7.5,8.7,,,,6,,1034.9,
1/11/2022 0:00,0.6,-6.1,9.8,,,,7.6,,1027.7,
1/12/2022 0:00,3.5,-3.1,11.9,,,,10,,1025.6,
1/13/2022 0:00,5.4,-0.7,13.5,,,,6.1,,1021.9,
1/14/2022 0:00,1.3,-3.8,3.8,,,,21.2,,1021.1,
1/15/2022 0:00,-1.2,-7.4,6.3,,,,8.9,,1028.4,
1/16/2022 0:00,2.3,-2.4,9.9,,,,10.6,,1019.8,
1/17/2022 0:00,3.4,-3.9,13.2,,,,5.8,,1014.6,
1/18/2022 0:00,3.8,-2.5,11,,,,7.2,,1011,
1/19/2022 0:00,-3.4,-7.8,1.7,,,,15.5,,1023.9,
1/20/2022 0:00,-4.2,-10.9,2.8,,,,8,,1027,
1/21/2022 0:00,-1.7,-4.7,1.5,,,,10.6,,1022.3,
1/22/2022 0:00,-0.2,-5.3,4.8,,,,5.8,,1027,
1/23/2022 0:00,1.3,-5.3,8.2,,,,6,,1021.3,
1/24/2022 0:00,1.1,-3.5,6,,,,12,,1014.5,
1/25/2022 0:00,-3.4,-7.2,-1,,,,14.6,,1021.8,
1/26/2022 0:00,-3.8,-11.5,2.7,,,,7.3,,1022.1,
1/27/2022 0:00,-3.8,-7.6,-1.9,,,,12.1,,1028.5,
1/28/2022 0:00,-2.3,-10.6,6.6,,,,9.6,,1031.9,
1/29/2022 0:00,1.4,-6.5,8.5,,,,7.1,,1023.7,
1/30/2022 0:00,1.9,-5.8,10.7,,,,5.1,,1018.3,
1/31/2022 0:00,2.2,-6.1,12.5,,,,13.4,,1010,
2/1/2022 0:00,-2.8,-6.3,1.1,,,,17.1,,1015,
2/2/2022 0:00,-10.5,-17,-6.8,,,,18.4,,1022.7,
2/3/2022 0:00,-12.7,-19.8,-5.7,,,,8,,1029.2,
2/4/2022 0:00,-5.9,-15.4,3.1,,,,10,,1032.1,
2/5/2022 0:00,-0.4,-6.8,7.2,,,,15.6,,1022.6,
2/6/2022 0:00,0.1,-2.9,4.1,,,,9.1,,1028,
2/7/2022 0:00,1.2,-6.6,9.6,,,,8.6,,1027.6,
2/8/2022 0:00,3.5,-1.5,10.1,,,,13.1,,1022.2,
2/9/2022 0:00,3.7,-1.8,10.1,,,,11.9,,1020.6,
2/10/2022 0:00,5.6,-1,12.9,,,,14.1,,1017.7,
2/11/2022 0:00,2.3,-3.6,5.7,,,,18.1,,1018.8,
2/12/2022 0:00,-1.1,-6.9,4.9,,,,9.7,,1029.3,
2/13/2022 0:00,3,-4.8,13.1,,,,11.4,,1025.2,
2/14/2022 0:00,4.2,-3.5,13,,,,8.3,,1018,
2/15/2022 0:00,5.8,-1.2,12.8,,,,9.4,,1005.3,
2/16/2022 0:00,0.2,-4.7,4.3,,,,16.8,,1008.1,
2/17/2022 0:00,-3,-7.6,2,,,,13.3,,1022.7,
2/18/2022 0:00,1.5,-5.1,8.4,,,,10.3,,1022.9,
2/19/2022 0:00,4,-4.3,13.1,,,,12.1,,1019,
2/20/2022 0:00,6.7,0.2,14,,,,14.1,,1007.9,
2/21/2022 0:00,2.2,-6.9,10.8,,,,20.4,,1003.3,
2/22/2022 0:00,-10.8,-14.3,-7.7,,,,23.4,,1021.3,
2/23/2022 0:00,-11,-13.1,-8.4,,,,19.5,,1022.9,
2/24/2022 0:00,-8,-11.9,-3.5,,,,12.4,,1020.1,
2/25/2022 0:00,-6.7,-13.9,-2.1,,,,9.3,,1027.6,
2/26/2022 0:00,-3.8,-10.4,3.7,,,,7.7,,1029.2,
2/27/2022 0:00,1.6,-8.4,13.3,,,,7.5,,1027,
2/28/2022 0:00,5.9,-2.5,15.6,,,,9.5,,1023.3,
3/1/2022 0:00,8.9,-0.1,19,,,,8.6,,1021,
3/2/2022 0:00,10.2,2.6,19.1,,,,7.9,,1019.9,
3/3/2022 0:00,10.8,3.7,19.4,,,,7.6,,1015.8,
3/4/2022 0:00,9.5,3.1,15.5,,,,10.2,,1005.9,
3/5/2022 0:00,1.8,-2.7,6.5,,,,15.7,,1008.5,
3/6/2022 0:00,-4.2,-7.7,-2.3,,,,14.6,,1019.4,
3/7/2022 0:00,-4.5,-10.5,-0.3,,,,8.8,,1025.6,
3/8/2022 0:00,-2.4,-8.4,2.7,,,,11.1,,1018.8,
3/9/2022 0:00,-5.8,-10.3,-3.4,,,,20,,1014.9,
3/10/2022 0:00,-8.2,-12.9,-4.2,,,,10.5,,1021.1,
3/11/2022 0:00,-4.9,-12.8,1.6,,,,12.1,,1026.5,
3/12/2022 0:00,3.7,-4.9,13.1,,,,19.3,,1019.8,
3/13/2022 0:00,6.9,0,14.6,,,,13.4,,1010,
3/14/2022 0:00,6.2,2.2,11.5,,,,14.4,,1019.6,
3/15/2022 0:00,8.5,0.1,18.9,,,,10,,1018.6,
3/16/2022 0:00,6.5,1.6,10.3,,,,14.4,,1011.6,
3/17/2022 0:00,1.6,-1.5,3.3,,,,15,,1018.9,
3/18/2022 0:00,2.8,-3.7,9.5,,,,9.8,,1020.2,
3/19/2022 0:00,5.4,-1,13.1,,,,13.7,,1018,
3/20/2022 0:00,9.1,2.4,15.4,,,,14,,1007.2,
3/21/2022 0:00,3.4,-0.2,7.1,,,,19.8,,1013.3,
3/22/2022 0:00,1,-2.4,5.2,,,,23.9,,1022,
3/23/2022 0:00,4.4,-2.3,11.2,,,,22.7,,1019.9,
3/24/2022 0:00,8.5,0.2,18,,,,14.8,,1015.7,
3/25/2022 0:00,9.9,4.9,15.1,,,,11,,1018.7,
3/26/2022 0:00,14,6.1,22.1,,,,15.7,,1012.5,
3/27/2022 0:00,12.8,5.7,20.8,,,,10.3,,1011,
3/28/2022 0:00,15.3,7.2,22.9,,,,13.9,,1004.7,
3/29/2022 0:00,8.8,3,14.4,,,,18.8,,998.1,
3/30/2022 0:00,3.9,0.5,8.1,,,,17.4,,1008.7,
3/31/2022 0:00,6.9,-2.7,14.6,,,,10.5,,1008.3,
4/1/2022 0:00,8.2,3.8,13.4,,,,13.5,,1009.5,
4/2/2022 0:00,10,1.8,18.3,,,,10.9,,1013.3,
4/3/2022 0:00,8.9,6.1,11.1,,,,14.4,,1012.9,
4/4/2022 0:00,10.3,2.8,17.6,,,,15.5,,1006.6,
4/5/2022 0:00,9.8,3.2,14.6,,,,33.3,,1000.3,
4/6/2022 0:00,2.9,-0.6,7.2,,,,33.2,,1021,
4/7/2022 0:00,4.6,-1.6,10.7,,,,24.4,,1027.1,
4/8/2022 0:00,8.4,-0.3,16.7,,,,9.9,,1022.1,
4/9/2022 0:00,14,6.1,22.3,,,,16.8,,1003.8,
4/10/2022 0:00,8.3,4.5,11.8,,,,24.1,,1003,
4/11/2022 0:00,8.4,0.4,16.8,,,,17.7,,1001.4,
4/12/2022 0:00,7.7,-0.5,12.1,,,,27.4,,994.1,
4/13/2022 0:00,-0.6,-5,3.1,,,,21.3,,1013.3,
4/14/2022 0:00,4.5,-4,12.8,,,,19.2,,1012.2,
4/15/2022 0:00,8.7,2.5,16.8,,,,17.4,,1008,
4/16/2022 0:00,6.4,0.1,12.1,,,,14.2,,1013.9,
4/17/2022 0:00,9.6,3.3,16.6,,,,23.4,,1014.1,
4/18/2022 0:00,9.9,3.2,16.2,,,,15.2,,1019.7,
4/19/2022 0:00,15.5,4.9,25.3,,,,15.4,,1002.5,
4/20/2022 0:00,15.4,9.9,20.9,,,,16.7,,1003.6,
4/21/2022 0:00,15.9,6.9,24.4,,,,18.6,,1008.2,
4/22/2022 0:00,18.4,11.1,26.7,,,,29,,997.6,
4/23/2022 0:00,9.2,5.7,12.2,,,,27.6,,1002,
4/24/2022 0:00,5.5,2.9,9.8,,,,14.2,,1017.8,
4/25/2022 0:00,6.2,1.3,11.6,,,,9.4,,1025.1,
4/26/2022 0:00,12,2.3,21.6,,,,12.4,,1017.6,
4/27/2022 0:00,15.8,8.7,21.7,,,,11.8,,1008.8,
4/28/2022 0:00,16,7.9,22.7,,,,12.1,,1004.8,
4/29/2022 0:00,12.7,7.4,17.5,,,,26.6,,1002.7,
4/30/2022 0:00,10.5,3.4,17.4,,,,13.2,,1013.7,
5/1/2022 0:00,10.8,4.6,16.5,,,,18.1,,1009.8,
5/2/2022 0:00,7.1,3.8,9.8,,,,17.2,,1010.7,
5/3/2022 0:00,8.5,1.6,15.5,,,,13.1,,1008.7,
5/4/2022 0:00,7,5.1,9,,,,14.7,,1012.2,
5/5/2022 0:00,11.4,3.8,18.6,,,,9,,1013.8,
5/6/2022 0:00,18.1,8.9,26.8,,,,15.7,,1007.5,
5/7/2022 0:00,19.8,12.2,28.8,,,,20.8,,999.7,
5/8/2022 0:00,17.3,10,24.3,,,,20.3,,995.5,
5/9/2022 0:00,17.6,12.3,25.2,,,,24.5,,994.7,
5/10/2022 0:00,16.3,9.1,23.1,,,,15.5,,1008.6,
5/11/2022 0:00,20.9,10.4,29.7,,,,19.3,,1005.9,
5/12/2022 0:00,17.2,12.2,20.6,,,,25.1,,1006.5,
5/13/2022 0:00,15,7.5,22.9,,,,17.8,,1013.8,
5/14/2022 0:00,17.9,10.1,25,,,,13.2,,1014,
5/15/2022 0:00,18.6,11.7,24.8,,,,12.3,,1015.3,
5/16/2022 0:00,19.9,11.2,27.8,,,,12.8,,1010.2,
5/17/2022 0:00,20.5,14.6,27.7,,,,14.2,,1007.4,
5/18/2022 0:00,19.3,12.7,25.8,,,,11.4,,1011.7,
5/19/2022 0:00,21.9,14.1,29.9,,,,27.5,,998,
5/20/2022 0:00,7.1,1.3,15.9,,,,23.4,,1006.7,
5/21/2022 0:00,4.6,-0.8,8.4,,,,12.7,,1022.8,
5/22/2022 0:00,7.4,2.3,11.9,,,,16.4,,1021.6,
5/23/2022 0:00,9.7,5.4,14,,,,11.6,,1014.9,
5/24/2022 0:00,9.3,5.5,13.2,0.7,,,9.5,,1014.9,
5/25/2022 0:00,11.7,2.9,20.1,0,,,9.2,,1014.1,
5/26/2022 0:00,17.7,5.8,26.8,,,,10.4,,1012.6,
5/27/2022 0:00,21.2,10.9,30.5,,,,10.9,,1008,
5/28/2022 0:00,20.7,10.7,29.8,0,,,14.7,,998.8,
5/29/2022 0:00,16.2,10.1,23.3,1.5,,,13.1,,995.8,
5/30/2022 0:00,13,6.7,18.7,1.9,,,16.9,,1001,
5/31/2022 0:00,11.2,6.1,18.5,9.8,,,11.8,,1015,
6/1/2022 0:00,9.4,4,16.6,3.1,,,7.3,,1022.3,
6/2/2022 0:00,13.6,6.6,21.4,0,,,7.4,,1015.5,
6/3/2022 0:00,15.9,9.5,23.1,0.2,,,7.4,,1010.1,
6/4/2022 0:00,18.8,9.2,27.5,0,,,9.4,,1005.6,
6/5/2022 0:00,19.5,12.7,26.5,0.2,,,9.3,,1004,
6/6/2022 0:00,18.8,11.8,25.6,0.3,,,6.4,,1007.5,
6/7/2022 0:00,17.9,10.8,24.5,1,,,8.1,,1011.7,
6/8/2022 0:00,18.4,10.3,26.7,0,,,9.7,,1015.6,
6/9/2022 0:00,21.5,12.3,30,0.1,,,13.6,,1010.2,
6/10/2022 0:00,23.1,12.6,33.6,0,,,8.8,,1010.5,
6/11/2022 0:00,25.5,14.3,34.5,0,,,7.4,,1005.9,
6/12/2022 0:00,24.9,16.3,33.7,0,,,6.9,,1002.5,
6/13/2022 0:00,27.5,19.3,35.4,0,,,18.6,,996.4,
6/14/2022 0:00,22.1,16.7,26.1,0.2,,,21.2,,1003.1,
6/15/2022 0:00,20.8,11.9,28.9,0,,,17.4,,1009.9,
6/16/2022 0:00,24.3,14.7,32,0,,,13.3,,1012.9,
6/17/2022 0:00,26.5,18.1,34.4,0,,,19.1,,1010,
6/18/2022 0:00,24.6,18.5,29.8,0.2,,,19.1,,1008.7,
6/19/2022 0:00,23.8,17.9,28.7,0,,,22.9,,1008.3,
6/20/2022 0:00,24.1,15.9,30.9,0,,,22.3,,1009.4,
6/21/2022 0:00,20.2,14,25.4,0,,,18.6,,1020.5,
6/22/2022 0:00,20.6,13.9,27.4,0,,,14.1,,1019.5,
6/23/2022 0:00,23.5,15.2,31.1,0,,,12.8,,1011.7,
6/24/2022 0:00,23.9,16.8,30.1,0.6,,,12.7,,1009.7,
6/25/2022 0:00,19.2,15.1,23.5,1.9,,,17.5,,1018.5,
6/26/2022 0:00,17,13.5,21.2,1,,,18.7,,1025,
6/27/2022 0:00,20.1,13.5,27.4,0,,,10.1,,1022,
6/28/2022 0:00,23.5,14.8,31.4,0,,,11.4,,1018.8,
6/29/2022 0:00,24.9,16.7,32.2,0,,,14.7,,1014.7,
6/30/2022 0:00,22.8,17.8,28.6,1.2,,,14.8,,1014.7,
7/1/2022 0:00,20.7,15.3,26.9,0,,,11.5,,1015.7,
7/2/2022 0:00,22.8,15.9,29.7,0,,,11.8,,1013.2,
7/3/2022 0:00,23.5,16.5,29.9,0,,,13.5,,1010.5,
7/4/2022 0:00,25.4,16.8,33,0,,,11.3,,1009.4,
7/5/2022 0:00,25,18.6,31.6,0.9,,,12.2,,1010.5,
7/6/2022 0:00,22.5,16.7,29.2,0.6,,,11.8,,1012.8,
7/7/2022 0:00,23,15.5,30.2,0,,,9.3,,1014.9,
7/8/2022 0:00,24.7,16.6,31.9,0,,,12.1,,1018,
7/9/2022 0:00,27.6,18.5,35.4,0,,,13.6,,1017.6,
7/10/2022 0:00,28.2,20.4,36.4,0,,,13.9,,1014.2,
7/11/2022 0:00,24,20,29.8,0,,,14.5,,1016.2,
7/12/2022 0:00,23.9,16.6,30.7,0,,,12.2,,1015.8,
7/13/2022 0:00,26,18.2,33.6,0,,,12.7,,1014.1,
7/14/2022 0:00,26.9,18.5,34.8,0,,,11.6,,1014.5,
7/15/2022 0:00,26.2,20.7,33.3,2.9,,,11.6,,1015.8,
7/16/2022 0:00,25.6,19.4,32.6,0.3,,,11.4,,1014.7,
7/17/2022 0:00,27.3,18.5,34.9,0,,,12,,1014.1,
7/18/2022 0:00,28.2,20.5,36.2,0,,,16,,1011.1,
7/19/2022 0:00,27.8,21.3,34.8,0.6,,,13.2,,1010.6,
7/20/2022 0:00,25.7,19.3,32.4,0,,,12.3,,1014.1,
7/21/2022 0:00,26.9,18.5,33.9,0,,,11.1,,1012.5,
7/22/2022 0:00,27.7,18.9,34.8,0,,,11.5,,1010.6,
7/23/2022 0:00,26.9,19.6,34.2,0,,,14.3,,1010.1,
7/24/2022 0:00,22.3,18.4,28.1,0.2,,,12.7,,1015.1,
7/25/2022 0:00,22.9,17.1,29.4,0,,,13.4,,1013.2,
7/26/2022 0:00,23.9,18.1,30.3,1,,,14.2,,1012.3,
7/27/2022 0:00,24.1,16.9,30.8,0,,,13.8,,1013.5,
7/28/2022 0:00,21.2,17.9,25.8,1.2,,,15.6,,1016.2,
7/29/2022 0:00,20.6,15.8,25.6,3.5,,,12.6,,1016.7,
7/30/2022 0:00,23.2,16.2,30.5,0,,,10.8,,1015.6,
7/31/2022 0:00,24.4,18.2,31.4,0,,,10.3,,1015.7,
8/1/2022 0:00,25.9,17.8,33.2,0,,,12.1,,1013.8,
8/2/2022 0:00,26.2,19.3,33.4,0,,,14.3,,1010,
8/3/2022 0:00,25.1,19.3,31.4,0,,,12,,1012.5,
8/4/2022 0:00,25.9,18.7,33.5,0,,,14.6,,1013.4,
8/5/2022 0:00,27,20.1,34.1,1.5,,,13.4,,1010.6,
8/6/2022 0:00,25.9,20.1,32.3,0.2,,,14.8,,1011.5,
8/7/2022 0:00,23.6,19.2,30.4,4.7,,,15.4,,1015,
8/8/2022 0:00,23.3,16.6,29.9,0,,,11.8,,1017.3,
8/9/2022 0:00,25.5,17.7,33,0,,,12.2,,1016.1,
8/10/2022 0:00,26.1,19,33.2,0,,,14.1,,1018.1,
8/11/2022 0:00,26.6,19.1,34.2,0,,,13.4,,1016.4,
8/12/2022 0:00,26.4,19.6,33.3,0.2,,,11.3,,1015.1,
8/13/2022 0:00,25.9,19.5,32.7,0,,,11,,1015,
8/14/2022 0:00,25.2,18.7,31.8,0,,,12,,1013.2,
8/15/2022 0:00,22.2,18.1,28.6,3.3,,,14.7,,1013.8,
8/16/2022 0:00,19.4,15.3,24,7.2,,,11.2,,1017.7,
8/17/2022 0:00,21,15,27.6,0,,,9.5,,1018.7,
8/18/2022 0:00,23.2,15.2,30.5,0,,,9.6,,1016.4,
8/19/2022 0:00,21.7,16.5,27.6,0,,,12,,1014,
8/20/2022 0:00,19.4,15.7,23.6,4.3,,,12.5,,1016.2,
8/21/2022 0:00,19.6,14.3,25.7,0.6,,,10.7,,1016.9,
8/22/2022 0:00,20.8,15.3,27,0,,,9.7,,1017.2,
8/23/2022 0:00,22,14.9,28.5,0,,,9.5,,1014.8,
8/24/2022 0:00,22.5,15.4,29.4,0,,,9.5,,1015.5,
8/25/2022 0:00,22.1,16.3,28.7,0.1,,,11.1,,1016.6,
8/26/2022 0:00,21,16.1,26.6,1.3,,,11.2,,1014.1,
8/27/2022 0:00,22.6,14.8,30.2,0,,,12.4,,1008.8,
8/28/2022 0:00,23.6,16.1,31.1,0,,,14.1,,1006.8,
8/29/2022 0:00,22.8,16.1,29.2,0,,,9,,1013.9,
8/30/2022 0:00,24.3,16.8,32.5,0,,,11.3,,1018.8,
8/31/2022 0:00,24.6,17.7,31.6,0,,,12.2,,1017.3,
9/1/2022 0:00,24.1,15.6,32.1,0,,,8.8,,1013.9,
9/2/2022 0:00,24.9,17,32.7,0,,,13,,1013.9,
9/3/2022 0:00,23.7,16.5,31.3,0,,,11.3,,1019.9,
9/4/2022 0:00,25,16.4,34.3,0,,,10,,1015.6,
9/5/2022 0:00,26.1,17.5,34.9,0,,,11.8,,1012.2,
9/6/2022 0:00,26.8,18.3,34.1,0,,,9.9,,1015.2,
9/7/2022 0:00,26.4,18.3,34.2,0,,,11.5,,1017.2,
9/8/2022 0:00,26.5,18.5,34.2,0,,,12,,1008.8,
9/9/2022 0:00,19.1,13.8,23.9,1.3,,,21.6,,1009.3,
9/10/2022 0:00,13.3,11.1,16.4,8.7,,,21.5,,1019.8,
9/11/2022 0:00,16.6,8.3,25.1,0,,,7.6,,1021.3,
9/12/2022 0:00,20.8,11.6,30.1,0,,,7.9,,1014.9,
9/13/2022 0:00,21.2,13.6,29.4,0,,,13.3,,1010.2,
9/14/2022 0:00,19.5,15.9,24.1,0.4,,,10.9,,1008.4,
9/15/2022 0:00,17.6,13.1,23.3,2.3,,,10.3,,1012,
9/16/2022 0:00,18.2,12.1,25.7,0.4,,,9.1,,1011.9,
9/17/2022 0:00,18.7,12.5,25.3,0.4,,,10.5,,1009.5,
9/18/2022 0:00,20.6,13.1,29.1,0,,,9.9,,1009.4,
9/19/2022 0:00,21.8,14.7,29.3,0,,,10,,1010.8,
9/20/2022 0:00,22.4,15.5,29.5,0,,,9.9,,1012.7,
9/21/2022 0:00,16.8,12.6,20.1,2.9,,,17.8,,1017.9,
9/22/2022 0:00,13.7,11,17.5,2.4,,,11.7,,1017.1,
9/23/2022 0:00,17.3,10.8,25.1,0,,,16.6,,1013.9,
9/24/2022 0:00,17.4,9.8,25.9,0,,,8.3,,1018.3,
9/25/2022 0:00,16.2,10,22.8,0,,,7.6,,1022.8,
9/26/2022 0:00,17.4,9.4,26,0,,,7.9,,1020.7,
9/27/2022 0:00,16.6,11.1,22.7,0,,,9,,1021.3,
9/28/2022 0:00,17.7,10.6,26.5,0,,,9.9,,1021.3,
9/29/2022 0:00,18,11.7,24.3,0,,,10.3,,1017.4,
9/30/2022 0:00,16.9,11.9,23.1,1.1,,,10.4,,1012.8,
10/1/2022 0:00,14.7,11,19.9,0.7,,,8.7,,1014.4,
10/2/2022 0:00,14.2,9.9,21,1.1,,,9.3,,1017.3,
10/3/2022 0:00,14.3,10.2,20,3.2,,,10.4,,1018.3,
10/4/2022 0:00,13.4,8.4,18,0.2,,,9.1,,1019.4,
10/5/2022 0:00,13.2,8.5,18.4,0,,,8.3,,1022.3,
10/6/2022 0:00,13.6,7.4,19.7,0,,,7.5,,1024.1,
10/7/2022 0:00,10.1,8.1,12.7,0,,,13.9,,1027.6,
10/8/2022 0:00,10.6,5.3,16.7,0,,,8.3,,1026.1,
10/9/2022 0:00,12.6,6,20.2,0,,,6,,1022.4,
10/10/2022 0:00,13.9,6.7,21.7,0,,,8.1,,1016.2,
10/11/2022 0:00,14.7,8.2,21.5,0,,,17.8,,1009.7,
10/12/2022 0:00,12.6,6.4,19.9,0,,,14.4,,1017.1,
10/13/2022 0:00,11.3,4.6,18.1,0,,,9.5,,1019.8,
10/14/2022 0:00,13.9,6.4,22.8,0,,,11.2,,1012.5,
10/15/2022 0:00,11.8,5.9,17.4,0,,,12,,1016.2,
10/16/2022 0:00,10.2,7.3,14.6,0,,,8.9,,1023.5,
10/17/2022 0:00,9.2,3.6,15.6,0,,,6.7,,1023.7,
10/18/2022 0:00,10.4,3.5,18.4,0,,,6.7,,1023.8,
10/19/2022 0:00,13.4,4.4,22.6,0,,,8.2,,1022,
10/20/2022 0:00,13.9,6.2,23.7,0,,,9,,1016.3,
10/21/2022 0:00,14.4,7.2,22.8,0,,,15.8,,1007.2,
10/22/2022 0:00,14.4,7.9,20.9,0,,,17.6,,998.5,
10/23/2022 0:00,10.7,4.4,18.3,3.2,,,25.8,,994.3,
10/24/2022 0:00,3.4,0.6,8.2,0,,,15.2,,1011.8,
10/25/2022 0:00,5.3,-1.1,12.8,0,,,15.7,,1015,
10/26/2022 0:00,6.2,3.3,10.1,0,,,10,,1012.3,
10/27/2022 0:00,3.5,1.1,6.2,2.2,,,17.8,,1015,
10/28/2022 0:00,5.4,-1.5,14.6,0,,,6.5,,1025.1,
10/29/2022 0:00,6.4,-0.3,13.7,0,,,8.2,,1022.6,
10/30/2022 0:00,6.3,2,11.5,0,,,7.2,,1019.6,
10/31/2022 0:00,7.7,0.5,16.5,0,,,5.9,,1015.3,
11/1/2022 0:00,9.1,2.1,19.1,0,,,7.9,,1012.8,
11/2/2022 0:00,11.5,6.3,19,0,,,16.1,,1007.6,
11/3/2022 0:00,4.6,-0.8,8.2,1.3,,,17.5,,1008.7,
11/4/2022 0:00,0.8,-2.2,4.9,0,,,14.7,,1014.8,
11/5/2022 0:00,5.5,-0.4,13.3,0,,,24.2,,1003.8,
11/6/2022 0:00,5,1.9,8.9,0,,,18.2,,1012.1,
11/7/2022 0:00,6.6,0.8,13,0,,,15.3,,1015.1,
11/8/2022 0:00,10.8,4.1,18.2,0,,,16.2,,1010.9,
11/9/2022 0:00,9.6,4.7,17.2,0,,,18.8,,1005.2,
11/10/2022 0:00,2.6,-2.1,7.9,0,,,15.5,,1015.6,
11/11/2022 0:00,-2,-5.5,2.5,0,,,12.6,,1024.2,
11/12/2022 0:00,-0.9,-7.4,8,0,,,6.4,,1021.4,
11/13/2022 0:00,0.6,-4.5,6.3,0,,,12.5,,1014.7,
11/14/2022 0:00,-2.2,-5,0.7,0.9,,,10.5,,1022.1,
11/15/2022 0:00,-3.2,-6.2,0.6,3,,,10,,1029.3,
11/16/2022 0:00,-2.6,-7.2,3.7,0,,,8.8,,1031.6,
11/17/2022 0:00,-4.4,-6.9,-2.5,2.1,,,17.8,,1029.2,
11/18/2022 0:00,-6.4,-9.4,-2.9,1.9,,,12.3,,1029.2,
11/19/2022 0:00,-3.7,-12.3,3.9,0,,,7.9,,1028.6,
11/20/2022 0:00,-0.2,-7.4,8.3,0,,,6.1,,1024.7,
11/21/2022 0:00,0.9,-5.4,9.9,0,,,4.4,,1024.2,
11/22/2022 0:00,1.8,-4.8,9.7,0,,,6.8,,1021.8,
11/23/2022 0:00,1.2,-3.8,6.8,0.3,,,13.7,,1015.6,
11/24/2022 0:00,1.6,-1.3,5.4,0,,,12.1,,1028.6,
11/25/2022 0:00,3.4,-3.4,12.1,0,,,5.3,,1026.8,
11/26/2022 0:00,4.3,-1.5,11.5,0,,,10.5,,1013.6,
11/27/2022 0:00,3.1,-0.7,7.3,0,,,10.6,,1012.2,
11/28/2022 0:00,2.8,-2.3,10.1,0,,,13.3,,1001.4,
11/29/2022 0:00,-6,-10.4,-1.1,5.6,,,15.3,,1011.6,
11/30/2022 0:00,-5.5,-13,1.1,0,,,12.5,,1021.1,
12/1/2022 0:00,3.3,-9.2,11.5,0,,,13.8,,1009.6,
12/2/2022 0:00,3.8,-3.8,11.2,0.3,,,26.4,,1009.9,
12/3/2022 0:00,-2.4,-8.1,4.6,0,,,11,,1027.2,
12/4/2022 0:00,2.9,-2.9,9.6,0,,,9,,1018.2,
12/5/2022 0:00,3.8,-0.2,11.9,0,,,10.2,,1008.7,
12/6/2022 0:00,1,-3.9,7.5,0,,,7.5,,1013.6,
12/7/2022 0:00,0.9,-4.4,8.5,0,,,7.3,,1020.1,
12/8/2022 0:00,-0.1,-4,5.8,0,,,17.4,,1020.7,
12/9/2022 0:00,-2,-7.3,3.7,0,,,9.1,,1019.8,
12/10/2022 0:00,-0.6,-7.1,5.6,0,,,9.3,,1020.3,
12/11/2022 0:00,3,-4.2,12.6,0,,,11.7,,1011.8,
12/12/2022 0:00,3.5,-1.1,9.4,1.3,,,14.7,,1000.5,
12/13/2022 0:00,-5.7,-7.5,-1.6,3.2,,,20.6,,1005.6,
12/14/2022 0:00,-4.6,-9.2,-0.4,0,,,14.4,,1011.5,
12/15/2022 0:00,-6.3,-8.9,-3.5,0,,,11.8,,1017.8,
12/16/2022 0:00,-7.5,-10.4,-2.2,0,,,13.9,,1022.2,
12/17/2022 0:00,-6.2,-11.4,0.6,0,,,9.2,,1020,
12/18/2022 0:00,-5.1,-10.5,1.1,0,,,8.8,,1016.1,
12/19/2022 0:00,-3.6,-9.4,5.1,0,,,9.9,,1021.4,
12/20/2022 0:00,-3,-8,3.6,0,,,9.2,,1025.9,
12/21/2022 0:00,-3.8,-12.8,5.1,0.8,,,18.9,,1015.9,
12/22/2022 0:00,-16.4,-18.9,-12.3,1.7,,,20.2,,1029.2,
12/23/2022 0:00,-13.5,-19.7,-8.8,0,,,13.1,,1031.7,
12/24/2022 0:00,-3.4,-12.6,6.1,0,,,9.4,,1026.8,
12/25/2022 0:00,1.8,-5.1,7.8,0,,,14.3,,1022.4,
12/26/2022 0:00,1.7,-2.2,7.6,0,,,10.5,,1023.6,
12/27/2022 0:00,6,-0.7,14.5,0,,,13.7,,1006.6,
12/28/2022 0:00,3.7,-0.5,6.2,13.9,,,10.9,,998.7,
12/29/2022 0:00,-1.3,-6.1,2.2,4.1,,,12.1,,1011,
12/30/2022 0:00,-3.3,-9.8,1.5,0,,,10.4,,1013.6,
12/31/2022 0:00,1.6,-4.6,7.9,0,,,11.7,,1005.5,
1/1/2023 0:00,1.6,-0.8,4.2,0,,,9.3,,1008.9,
1/2/2023 0:00,-1.2,-3.9,0.5,1,,,11.6,,1007.3,
1/3/2023 0:00,-3.8,-5.7,-0.8,0,,,9.9,,1011.8,
1/4/2023 0:00,-3.2,-6.7,1.7,0,,,9.7,,1018.7,
1/5/2023 0:00,-3.7,-8.4,1.6,0,,,9.3,,1021.5,
1/6/2023 0:00,-1.5,-7.6,3,0,,,9,,1017.6,
1/7/2023 0:00,-0.3,-4.3,5.3,0,,,5.4,,1025.9,
1/8/2023 0:00,-0.1,-6.8,7.1,0,,,7.4,,1022.2,
1/9/2023 0:00,2.2,-3.1,7.9,0,,,9,,1017.8,
1/10/2023 0:00,4.5,-1,12.1,0,,,10.7,,1009.6,
1/11/2023 0:00,0.4,-2.1,3,4.6,,,13.9,,1012.1,
1/12/2023 0:00,0.1,-4.1,5.9,0,,,8.2,,1029.4,
1/13/2023 0:00,1.3,-5,9.5,0,,,5.8,,1025.3,
1/14/2023 0:00,4.6,-1.5,12.6,0,,,7.2,,1010.6,
1/15/2023 0:00,2.1,-0.9,4.9,0,,,7.5,,999.6,
1/16/2023 0:00,1.8,-1.7,6.7,0,,,9.5,,1002.7,
1/17/2023 0:00,-0.8,-3.9,1.9,4.4,,,9.5,,1004.9,
1/18/2023 0:00,-3.1,-6.4,-1.5,8,,,19.3,,1009.2,
1/19/2023 0:00,-3.8,-11.1,1.5,0,,,9.2,,1017.8,
1/20/2023 0:00,-5,-9.7,-1.4,0.1,,,7.8,,1022.5,
1/21/2023 0:00,-5.2,-9,-2.3,0.2,,,11.8,,1022.3,
1/22/2023 0:00,-3.7,-8.1,1.4,0,,,7.8,,1016.2,
1/23/2023 0:00,-3.6,-6.1,-0.2,0.1,,,8.7,,1020.6,
1/24/2023 0:00,-4.7,-7.8,-1.4,0,,,7.2,,1021.4,
1/25/2023 0:00,-4.9,-7.7,-2,0,,,10,,1024.7,
1/26/2023 0:00,-3.7,-8.7,1.9,0,,,13.4,,1025.5,
1/27/2023 0:00,-0.6,-4.1,3.6,0,,,13.1,,1014.4,
1/28/2023 0:00,-3.3,-7.9,-0.3,0,,,15,,1012.3,
1/29/2023 0:00,-11,-13.5,-6.8,0.3,,,21.2,,1021.1,
1/30/2023 0:00,-13.3,-16,-8.9,1,,,13.7,,1024.8,
1/31/2023 0:00,-9.8,-14.5,-3.3,0.7,,,9.1,,1025.3,
2/1/2023 0:00,-5.7,-12.9,0.5,0,,,7.9,,1023.7,
2/2/2023 0:00,-1.5,-8.1,6.2,0,,,8.9,,1028,
2/3/2023 0:00,-0.2,-6,5.3,0,,,9,,1027,
2/4/2023 0:00,2.9,-3.7,11.6,0,,,10.5,,1019.1,
2/5/2023 0:00,2.8,-3.3,9.2,0,,,9.2,,1014.9,
2/6/2023 0:00,1,-1.9,4.9,0.1,,,14,,1012.5,
2/7/2023 0:00,0.4,-5.9,7.1,0,,,6.9,,1024.2,
2/8/2023 0:00,0.3,-5.9,7.6,0.2,,,12.3,,1019.3,
2/9/2023 0:00,-2.7,-5.4,0.5,0.4,,,22.7,,1028.3,
2/10/2023 0:00,-1.7,-9.9,8,0,,,8.5,,1029.2,
2/11/2023 0:00,2.2,-5.8,9.4,0,,,6.9,,1019.4,
2/12/2023 0:00,4,-1.1,9.8,0,,,9.6,,1016,
2/13/2023 0:00,3.6,-3.6,10.3,0,,,9.5,,1006.9,
2/14/2023 0:00,2.2,-2.8,8.7,0.4,,,16.5,,994.3,
2/15/2023 0:00,-7.9,-11.4,-3.2,6.7,,,22.8,,1015.6,
2/16/2023 0:00,-7.1,-13.1,-1.2,0.1,,,9.9,,1026.4,
2/17/2023 0:00,-2,-12.3,8.4,0,,,8.9,,1024.4,
2/18/2023 0:00,1.7,-4.7,7.6,0,,,9.2,,1014.2,
2/19/2023 0:00,2.2,-1.9,8.3,0,,,15.7,,1012.5,
2/20/2023 0:00,4.2,-1.4,10.3,0,,,16.9,,1009.8,
2/21/2023 0:00,6.9,0.7,13.7,0,,,15.5,,996.2,
2/22/2023 0:00,-6.8,-15.9,3.8,3.3,,,23.2,,998.8,
2/23/2023 0:00,-11.4,-19,-7.3,0.2,,,18.7,,1019.4,
2/24/2023 0:00,-6.4,-16.5,1.2,0.3,,,14.4,,1022.7,
2/25/2023 0:00,3.2,-6.2,13.2,0,,,9.8,,1016.9,
2/26/2023 0:00,5.2,-0.1,12.6,0,,,14,,1001.4,
2/27/2023 0:00,3.9,-0.2,9.5,0,,,13.8,,1005.6,
2/28/2023 0:00,1.7,-2.4,6.9,0,,,20.6,,1003.9,
3/1/2023 0:00,-2.1,-6.1,2,1,,,10.7,,1009.4,
3/2/2023 0:00,0.3,-4.7,5.9,0,,,10,,1008.3,
3/3/2023 0:00,1,-4,6.5,0.6,,,11.7,,1006.7,
3/4/2023 0:00,0.8,-4.5,6.6,0.1,,,15.4,,1011,
3/5/2023 0:00,4.4,-1.7,10.9,0,,,19.2,,1006.1,
3/6/2023 0:00,2.8,-2.2,8.8,0,,,11.3,,1014.3,
3/7/2023 0:00,1.3,-2.3,5.1,0,,,14.7,,1017.3,
3/8/2023 0:00,0.5,-3.1,4.3,0.1,,,15.1,,1018,
3/9/2023 0:00,2.5,-3.2,8.7,0.2,,,15.7,,1018,
3/10/2023 0:00,5.6,-1.9,12,0,,,13.8,,1008.8,
3/11/2023 0:00,6.7,1.8,11,0.3,,,21.8,,1005.1,
3/12/2023 0:00,1.2,-2.3,4.1,0,,,15.3,,1017.6,
3/13/2023 0:00,3,-3.3,10.5,0,,,9.5,,1018.2,
3/14/2023 0:00,7.2,-0.4,15.4,0,,,14.1,,1013.5,
3/15/2023 0:00,9.8,4.8,17.1,1,,,16.2,,1003.1,
3/16/2023 0:00,1.6,-2.5,6.1,1.9,,,19.9,,1015.1,
3/17/2023 0:00,-1.1,-6.5,3.7,0,,,9.9,,1024.7,
3/18/2023 0:00,-0.6,-6.6,5.6,0,,,8.6,,1028.6,
3/19/2023 0:00,2.1,-6.3,11.6,0,,,13,,1020.2,
3/20/2023 0:00,4,-0.8,8.7,0,,,9.8,,1007.3,
3/21/2023 0:00,5,0.1,11.2,0,,,10.7,,1005.2,
3/22/2023 0:00,3.9,0.2,7.9,0.1,,,13.9,,1006.6,
3/23/2023 0:00,3.5,-3,8.9,0.3,,,11,,1013.5,
3/24/2023 0:00,2.7,-1.7,7.8,0,,,10,,1010.6,
3/25/2023 0:00,-0.6,-3.3,2.1,1.2,,,21,,1012,
3/26/2023 0:00,-2.2,-8.5,2.3,0.2,,,10,,1017.6,
3/27/2023 0:00,-3,-4.9,-0.8,0.1,,,19,,1024.2,
3/28/2023 0:00,0.3,-8.5,9.1,0,,,11.4,,1025.2,
3/29/2023 0:00,4.9,-0.8,10.8,0,,,14,,1012.8,
3/30/2023 0:00,7.8,-0.7,16.5,0,,,19.9,,1000.1,
3/31/2023 0:00,4.2,1.2,8.1,0,,,31.2,,1006.8,
4/1/2023 0:00,7.6,0,16.6,0,,,15.7,,1014.1,
4/2/2023 0:00,11,4.8,18.6,0,,,15.8,,1004.2,
4/3/2023 0:00,8.9,3.4,14.9,0,,,17.3,,997.6,
4/4/2023 0:00,0.2,-4.6,4.9,1.1,,,21.5,,999.1,
4/5/2023 0:00,-2,-6.8,2.3,0,,,10.6,,1018.9,
4/6/2023 0:00,1.8,-5.3,9.2,0,,,8.8,,1025.3,
4/7/2023 0:00,7.7,-2,17.1,0,,,8.8,,1019.3,
4/8/2023 0:00,10.4,3.7,16.5,0,,,11.6,,1015,
4/9/2023 0:00,11.4,4.1,18.4,0,,,10.1,,1020.9,
4/10/2023 0:00,13.1,3.6,22.2,0,,,7.9,,1023.2,
4/11/2023 0:00,16.6,7.4,26.9,0,,,11.8,,1015.1,
4/12/2023 0:00,18.8,10.3,26.7,0,,,16.8,,1005.2,
4/13/2023 0:00,17.4,12.2,22.8,0,,,21.4,,996,
4/14/2023 0:00,6.7,1.5,11.9,3.6,,,18.1,,1003.5,
4/15/2023 0:00,3.6,-0.3,7.9,0,,,17.4,,1019.6,
4/16/2023 0:00,7.6,-0.4,15.7,0,,,9.3,,1022.2,
4/17/2023 0:00,12.6,4.1,20.4,0,,,10.1,,1009.5,
4/18/2023 0:00,14.4,6.6,22.2,0,,,21.3,,998.8,
4/19/2023 0:00,7.9,0.7,13,1.6,,,21.2,,1003.8,
4/20/2023 0:00,2.3,-2,6.6,0,,,20.6,,1019.1,
4/21/2023 0:00,2.4,-2,6.9,0,,,17.4,,1021.1,
4/22/2023 0:00,1.6,-1.2,4,1.2,,,12.8,,1021.4,
4/23/2023 0:00,5.6,-1.3,12,0,,,9.1,,1016.2,
4/24/2023 0:00,9,3.4,14.9,0.2,,,9.7,,1009.4,
4/25/2023 0:00,7,4.3,10,11.5,,,19.4,,1009.1,
4/26/2023 0:00,8.2,4.4,13,4.7,,,11.5,,1017,
4/27/2023 0:00,10,4.7,17.1,5,,,20.1,,1010.9,
4/28/2023 0:00,7.6,3.3,11.7,1.5,,,18.1,,1020.3,
4/29/2023 0:00,12.5,3.9,20.2,0,,,10.7,,1017.7,
4/30/2023 0:00,13.3,6.8,18.6,0,,,8.6,,1014,
5/1/2023 0:00,13.6,5.5,20.7,0,,,10.9,,1010.5,
5/2/2023 0:00,13.5,8,18.3,0.1,,,13.1,,1012,
5/3/2023 0:00,16.6,9.5,23.8,0,,,9.5,,1009.7,
5/4/2023 0:00,15.6,10.6,19.9,3.3,,,11.4,,1005.4,
5/5/2023 0:00,15.4,9.2,21.4,0,,,13.1,,1005.5,
5/6/2023 0:00,13.8,7.2,20.1,0,,,13,,1008.4,
5/7/2023 0:00,13.4,8.4,18.1,0.2,,,12.4,,1010.8,
5/8/2023 0:00,14.4,7.4,20.8,0.2,,,12,,1012.6,
5/9/2023 0:00,16.9,9.6,23.3,0.6,,,13.1,,1009.9,
5/10/2023 0:00,14.8,11.3,20.2,15.4,,,14.2,,1008.6,
5/11/2023 0:00,10.3,8,12,43.8,,,19.1,,1007.3,
5/12/2023 0:00,11.6,8.8,15.1,27.9,,,18.1,,1013.7,
5/13/2023 0:00,11.9,8.6,16.5,1.3,,,11.7,,1021.8,
5/14/2023 0:00,11.8,9.3,14.8,7.1,,,14.1,,1026.4,
5/15/2023 0:00,13.2,9.2,17.2,1.5,,,8.8,,1026.8,
5/16/2023 0:00,16.6,8.9,24.7,0.3,,,10.4,,1018.3,
5/17/2023 0:00,17,11,22.8,0.8,,,9.5,,1013.1,
5/18/2023 0:00,14.1,11.6,17.5,7.5,,,14.3,,1013.8,
5/19/2023 0:00,12.9,10.2,16.7,1.2,,,13.6,,1021.8,
5/20/2023 0:00,13.8,8.9,18.8,0.2,,,9,,1021.6,
5/21/2023 0:00,16.5,9.8,22.6,0,,,9.3,,1017.1,
5/22/2023 0:00,16.9,10.4,23.2,0,,,10.2,,1013.4,
5/23/2023 0:00,17.5,10.5,23.8,0,,,10.2,,1012.6,
5/24/2023 0:00,15.9,11.8,20.9,1.6,,,12.2,,1013.1,
5/25/2023 0:00,16.9,10.7,23.7,0.6,,,12.8,,1010.9,
5/26/2023 0:00,16.7,12,23,2.3,,,14.5,,1011.1,
5/27/2023 0:00,17.6,10.8,23.9,1,,,14,,1009.8,
5/28/2023 0:00,17.5,10.3,23.4,0,,,9.9,,1010.6,
5/29/2023 0:00,19.3,11.4,26.5,0,,,9.8,,1010.1,
5/30/2023 0:00,19.3,13.2,25.5,0.1,,,11.3,,1009.6,
5/31/2023 0:00,18.5,12.5,24.2,2.7,,,13.9,,1007.8,
6/1/2023 0:00,16.5,11.6,21.2,1.2,,,11.9,,1006.7,
6/2/2023 0:00,15.7,10.7,19.7,0.7,,,10.6,,1009.8,
6/3/2023 0:00,13.5,10.7,16.5,4.3,,,11.3,,1014.4,
6/4/2023 0:00,14,11.5,17.6,11.4,,,12.4,,1017.1,
6/5/2023 0:00,15.6,11.1,20.5,2.9,,,10.9,,1017.6,
6/6/2023 0:00,17.5,11.4,23.7,0.8,,,9.1,,1014,
6/7/2023 0:00,17.9,12.9,23.2,7.4,,,9.4,,1011.2,
6/8/2023 0:00,18.6,12.5,24.5,0.5,,,9.3,,1011.7,
6/9/2023 0:00,19,13.3,25.1,3,,,11,,1012.1,
6/10/2023 0:00,18.3,12.7,24.1,0.3,,,11.2,,1010.7,
6/11/2023 0:00,15.6,11.4,20.8,10.7,,,15.1,,1013.5,
6/12/2023 0:00,14.4,11.6,18.3,2.8,,,13.7,,1012.1,
6/13/2023 0:00,13.4,9.6,17.3,7.2,,,11.5,,1012.2,
6/14/2023 0:00,17.3,9.8,24.5,0.3,,,10.5,,1008.7,
6/15/2023 0:00,17.5,13,22.3,1.7,,,13.8,,1007.6,
6/16/2023 0:00,14.6,11,20.4,19.6,,,16.4,,1014.5,
6/17/2023 0:00,14.6,9.3,19,3.4,,,10.9,,1014.5,
6/18/2023 0:00,20.1,10.8,28,0,,,14.9,,1007,
6/19/2023 0:00,24.2,14.6,31.8,0,,,16.6,,1004.4,
6/20/2023 0:00,23.4,15.2,29.6,0,,,13.9,,1007.8,
6/21/2023 0:00,21.6,15.7,28.1,0.1,,,15.8,,1011.8,
6/22/2023 0:00,19.8,16,25.6,6.5,,,17,,1012.4,
6/23/2023 0:00,21.9,13.6,29.8,0,,,15,,1008.1,
6/24/2023 0:00,21.8,13.3,28.6,0,,,17.8,,1011.3,
6/25/2023 0:00,20.8,13.4,27,0,,,13,,1015.2,
6/26/2023 0:00,23.1,14.5,30.5,0,,,15.8,,1010.7,
6/27/2023 0:00,25.8,17.6,33.2,0,,,22.3,,1004.6,
6/28/2023 0:00,23.3,15.8,29.3,0.8,,,15.3,,1007.6,
6/29/2023 0:00,21.2,16.3,26.3,9.6,,,18.4,,1011.3,
6/30/2023 0:00,17.9,14.2,22.4,1.8,,,13,,1015.4,
7/1/2023 0:00,20.2,12.3,27.2,0,,,9.5,,1016.5,
7/2/2023 0:00,22.8,15.1,29.6,0,,,11,,1013.9,
7/3/2023 0:00,24.2,15.5,31.6,0,,,10.6,,1011.7,
7/4/2023 0:00,21.9,16.5,28.6,1,,,19.8,,1012,
7/5/2023 0:00,18.2,14.2,24.3,1.9,,,20.3,,1016.7,
7/6/2023 0:00,19.4,14.2,25.9,1.5,,,16.6,,1014.4,
7/7/2023 0:00,19.2,15.4,25.8,4.4,,,18,,1012.3,
7/8/2023 0:00,19.2,13.2,25.3,2.2,,,16.5,,1012.6,
7/9/2023 0:00,21.6,14.1,29.7,0,,,13.3,,1012.9,
7/10/2023 0:00,25.1,16.4,32.8,0,,,11.4,,1010.7,
7/11/2023 0:00,27.3,18.6,35.2,0,,,12.6,,1009.5,
7/12/2023 0:00,26.9,19.5,34.2,0,,,13,,1010,
7/13/2023 0:00,25.8,18.6,32.6,0,,,13.9,,1010.2,
7/14/2023 0:00,24.5,18.9,31.1,1,,,17.9,,1011.5,
7/15/2023 0:00,22.7,15.3,28.8,0,,,10.6,,1016.4,
7/16/2023 0:00,25.4,16.8,33.1,0,,,11.9,,1014.8,
7/17/2023 0:00,27.1,17.8,34.8,0,,,13.4,,1012.6,
7/18/2023 0:00,27.3,19.9,34.3,0,,,14.3,,1011.3,
7/19/2023 0:00,25,19.5,31.4,0.4,,,13.8,,1016.2,
7/20/2023 0:00,21.3,17.8,27.9,5.1,,,18.4,,1018.7,
7/21/2023 0:00,21.3,14.8,28.2,0,,,13,,1019.5,
7/22/2023 0:00,24.1,16.1,31.5,0,,,10.5,,1016.7,
7/23/2023 0:00,26.4,17,34.5,0,,,12.1,,1014.8,
7/24/2023 0:00,27.5,18.8,35.4,0,,,11.8,,1014.9,
7/25/2023 0:00,28.2,20.2,36.1,0,,,13.4,,1013.7,
7/26/2023 0:00,26.4,19.7,33.6,0,,,11.6,,1014.7,
7/27/2023 0:00,25.8,18.2,33.2,0,,,11.7,,1014.2,
7/28/2023 0:00,26,18.1,34.1,0.8,,,12.6,,1015.2,
7/29/2023 0:00,25.2,18.8,32.4,0.3,,,14.1,,1017.6,
7/30/2023 0:00,25.4,19.3,32.8,0,,,12.2,,1016.7,
7/31/2023 0:00,25.1,19.7,32.7,0.7,,,12.4,,1015.7,
8/1/2023 0:00,23.2,17.9,29.7,4.1,,,11.7,,1016.6,
8/2/2023 0:00,23.7,18.1,30.3,1.1,,,10.8,,1015.1,
8/3/2023 0:00,23.4,17.3,29.9,1.7,,,11.9,,1014.2,
8/4/2023 0:00,24,17.2,30.3,0,,,11.1,,1013.2,
8/5/2023 0:00,22.4,16.7,29.1,1.9,,,16.1,,1015.2,
8/6/2023 0:00,19.1,14.4,25.1,0.1,,,16.7,,1018.5,
8/7/2023 0:00,20.3,13.9,27,0.3,,,13,,1015.6,
8/8/2023 0:00,20.7,14.2,27.2,4.1,,,13,,1012.4,
8/9/2023 0:00,21.2,13.8,28.3,0,,,12,,1011.2,
8/10/2023 0:00,23.9,16.3,30.9,0.3,,,14.3,,1009.3,
8/11/2023 0:00,24.2,17.3,30.9,0,,,12.3,,1011.1,
8/12/2023 0:00,23,17.9,27.7,0,,,12.7,,1013.7,
8/13/2023 0:00,20.4,16.2,25.9,0,,,17.1,,1016.9,
8/14/2023 0:00,19.4,13.1,26.4,0,,,9.3,,1022.5,
8/15/2023 0:00,23.6,14.2,32.5,0,,,8.9,,1019,
8/16/2023 0:00,26.6,17.7,34.5,0,,,12.5,,1013.7,
8/17/2023 0:00,25.6,19,32.3,0,,,14.8,,1014.1,
8/18/2023 0:00,26.7,19.5,33.7,0.6,,,13.4,,1010.3,
8/19/2023 0:00,26.8,19,34,0.2,,,14.1,,1012.5,
8/20/2023 0:00,26.8,19.3,34.6,0,,,18.2,,1015,
8/21/2023 0:00,28.2,19.4,35.7,0,,,21.3,,1015.2,
8/22/2023 0:00,27.2,21,33.8,0,,,16.7,,1016.1,
8/23/2023 0:00,26.3,19.5,32.7,0,,,14.7,,1015.1,
8/24/2023 0:00,25.6,19.7,31.6,1.1,,,13.5,,1013.2,
8/25/2023 0:00,20.4,15.5,25.4,8.2,,,19.6,,1018,
8/26/2023 0:00,19.4,13.7,25.4,0,,,11.2,,1020.6,
8/27/2023 0:00,21.3,15.8,28.8,0.6,,,10,,1017.9,
8/28/2023 0:00,20.2,16.2,26.3,0.2,,,11,,1019.1,
8/29/2023 0:00,21,13.6,28.7,0,,,9.2,,1020.2,
8/30/2023 0:00,24.1,15.1,33.9,0,,,13.1,,1013.1,
8/31/2023 0:00,25.9,17.1,34.4,0,,,12.3,,1008.6,
9/1/2023 0:00,26.3,18,35.4,0,,,13,,1010.6,
9/2/2023 0:00,25.4,18.4,31.6,0,,,10.1,,1013.5,
9/3/2023 0:00,24.4,18.4,30.7,3,,,12.2,,1011.3,
9/4/2023 0:00,23.8,17.5,30.7,0,,,18,,1003.8,
9/5/2023 0:00,19.4,12.5,24.7,0,,,16.5,,1012.6,
9/6/2023 0:00,21.1,13.5,29.1,0,,,12.7,,1014.7,
9/7/2023 0:00,23,16.1,29.5,0,,,12.4,,1013.1,
9/8/2023 0:00,22.5,15.6,29.9,0,,,11.1,,1016.7,
9/9/2023 0:00,22.3,16.9,28.4,0,,,14.3,,1018,
9/10/2023 0:00,18.1,14.2,23,5.4,,,16.4,,1019,
9/11/2023 0:00,15,12,18.6,8.7,,,14.8,,1021,
9/12/2023 0:00,16.3,11.2,22,0,,,10.3,,1017.6,
9/13/2023 0:00,17.3,12.6,22.9,0,,,11.4,,1013.7,
9/14/2023 0:00,15.1,12.4,19.5,6.3,,,15.1,,1016.2,
9/15/2023 0:00,13.2,10.7,16.1,5.9,,,12.4,,1021.2,
9/16/2023 0:00,16,9.2,22.8,0,,,7.1,,1021,
9/17/2023 0:00,18.5,11.3,25.2,0,,,9.7,,1017.6,
9/18/2023 0:00,19,13.8,25.2,0.2,,,12,,1013,
9/19/2023 0:00,17.4,13.5,23.3,0.3,,,10.4,,1011.7,
9/20/2023 0:00,17.8,12,24,0,,,12.2,,1010.9,
9/21/2023 0:00,18.8,12.8,24.9,0,,,9.9,,1009.5,
9/22/2023 0:00,18.2,12.1,24.2,0,,,12,,1009.6,
9/23/2023 0:00,16,10,21.6,0,,,12.1,,1012.2,
9/24/2023 0:00,15.8,9.4,22.5,0,,,7,,1016.4,
9/25/2023 0:00,17.1,9.1,24.8,0,,,6.9,,1019.5,
9/26/2023 0:00,18.2,11,25.2,0,,,8.6,,1017.6,
9/27/2023 0:00,19.2,12,26.5,0,,,11.6,,1013.4,
9/28/2023 0:00,20.2,13.6,27.5,0,,,12.6,,1008.3,
9/29/2023 0:00,19.1,13.3,25.7,0,,,12.7,,1008.5,
9/30/2023 0:00,19.3,11.7,27.5,0,,,14.9,,1008.8,
10/1/2023 0:00,20.7,14.1,26.5,0,,,24.5,,1008.1,
10/2/2023 0:00,18.2,13.4,23.9,1.5,,,18.1,,1008.9,
10/3/2023 0:00,13.2,9.5,17.4,0,,,14.7,,1010.2,
10/4/2023 0:00,12.4,7.3,17.3,0,,,8.3,,1016.6,
10/5/2023 0:00,12.8,7.6,18.3,0,,,11.3,,1022.1,
10/6/2023 0:00,10.5,7.7,14.8,0,,,13.1,,1026.4,
10/7/2023 0:00,11.6,4,18.8,0,,,8.1,,1023.3,
10/8/2023 0:00,14.6,7.6,22.2,0,,,7.9,,1017.4,
10/9/2023 0:00,15,7.7,22.6,0,,,8.7,,1011.7,
10/10/2023 0:00,15.8,9.1,22.9,0,,,8.8,,1004.6,
10/11/2023 0:00,14.8,10.8,20.7,4.2,,,12.7,,996.6,
10/12/2023 0:00,8.2,4.3,11.9,3,,,20.1,,999.3,
10/13/2023 0:00,6.4,2.8,11,0.7,,,19.2,,1018.7,
10/14/2023 0:00,6.5,0.6,12.1,0,,,9.6,,1024.4,
10/15/2023 0:00,9.3,2.8,15.7,0,,,8.9,,1026.8,
10/16/2023 0:00,12.4,5.7,19.8,0,,,7,,1023.6,
10/17/2023 0:00,15.9,7.9,24.8,0,,,10.1,,1013.9,
10/18/2023 0:00,14.5,9.9,20.5,0,,,12.3,,1016.2,
10/19/2023 0:00,15.2,8.3,23,0,,,8.3,,1019.2,
10/20/2023 0:00,15.9,8.4,25,0,,,7.3,,1016.1,
10/21/2023 0:00,15.2,8.5,22.8,0,,,8.6,,1012.3,
10/22/2023 0:00,13.9,8.3,20.8,0,,,9.4,,1008.9,
10/23/2023 0:00,15.3,8.3,23.3,0,,,8.9,,1004.9,
10/24/2023 0:00,12.9,8.5,18.9,1.3,,,10.6,,1008.1,
10/25/2023 0:00,12.1,7.1,17.8,0,,,10.6,,1009.6,
10/26/2023 0:00,9.6,6.1,14.4,0,,,16,,1009,
10/27/2023 0:00,4.2,1.6,8.1,0,,,21.9,,1019.6,
10/28/2023 0:00,-1.2,-5.6,1.6,9.7,,,21.1,,1021.2,
10/29/2023 0:00,-3.5,-7.9,1.2,3,,,14.1,,1030.6,
10/30/2023 0:00,-3,-11,4.1,0,,,7.4,,1030.4,
10/31/2023 0:00,0.5,-5,6.9,0,,,6.6,,1029,
11/1/2023 0:00,5.8,-0.9,14,0,,,7.3,,1021.2,
11/2/2023 0:00,8.5,1.9,15.1,0,,,12.4,,1018.3,
11/3/2023 0:00,11.4,6.6,17.7,0,,,12.7,,1017.6,
11/4/2023 0:00,9.8,5.3,16,0,,,11.1,,1021.1,
11/5/2023 0:00,12.2,5.3,21.3,0,,,13.5,,1013.1,
11/6/2023 0:00,11.6,6.2,18.4,0,,,10.5,,1009.6,
11/7/2023 0:00,12.7,7,21.1,0,,,14.7,,1006.2,
11/8/2023 0:00,4.4,0.5,7.7,1.4,,,14.9,,1017.7,
11/9/2023 0:00,2.5,-0.9,7.9,0,,,7.2,,1025.1,
11/10/2023 0:00,2,-4,9.4,0,,,5.2,,1021.9,
11/11/2023 0:00,4.2,-2.6,12.2,0,,,9.4,,1020.8,
11/12/2023 0:00,6.2,0.2,14.5,0,,,9,,1025.5,
11/13/2023 0:00,6.6,1,14.3,0,,,7.5,,1023.9,
11/14/2023 0:00,8.4,2.3,16.8,0,,,7.6,,1019.3,
11/15/2023 0:00,7.6,2.1,15.4,0,,,7.4,,1019.7,
11/16/2023 0:00,9.5,3.8,16.9,0,,,14.4,,1011.9,
11/17/2023 0:00,7.4,2.4,14.3,0,,,6.5,,1018.5,
11/18/2023 0:00,6.3,1.4,12.9,0,,,6.1,,1015,
11/19/2023 0:00,6.1,2.5,11.3,2.3,,,8.6,,1007.5,
11/20/2023 0:00,3.8,1.7,5.9,0.9,,,23.9,,1021,
11/21/2023 0:00,4,0,9.6,0,,,7.5,,1031.3,
11/22/2023 0:00,6.9,0.6,15.4,0,,,6.9,,1020.4,
11/23/2023 0:00,1.4,-2.5,4.8,0.5,,,21.8,,1018.3,
11/24/2023 0:00,-5.8,-7.8,-3,1.4,,,24.8,,1023.5,
11/25/2023 0:00,-7.7,-9.7,-4.7,0.4,,,13,,1021.6,
11/26/2023 0:00,-4.3,-11.7,2.5,0,,,9.4,,1024.7,
11/27/2023 0:00,-2.9,-8.7,3.9,0,,,7.7,,1027,
11/28/2023 0:00,1,-5.5,9.8,0,,,8,,1024.4,
11/29/2023 0:00,1.2,-5,9.8,0,,,7.1,,1014.6,
11/30/2023 0:00,-1.5,-4.6,3,0,,,10.6,,1010.6,
12/1/2023 0:00,-2.6,-5.1,2.1,0,,,8.2,,1010.2,
12/2/2023 0:00,-2,-5.3,2.8,0,,,18.8,,1012.3,
12/3/2023 0:00,0,-2.9,3.6,1.5,,,20.4,,1012.7,
12/4/2023 0:00,3.6,-3.3,11.6,0,,,13.5,,1019.1,
12/5/2023 0:00,4.3,-3.4,13,0,,,6,,1026.6,
12/6/2023 0:00,6.2,0.1,15.6,0,,,7.1,,1020.7,
12/7/2023 0:00,5.5,-0.1,14.1,0,,,14.9,,1007.6,
12/8/2023 0:00,-0.1,-2.8,3.6,2.6,,,14.8,,1011.2,
12/9/2023 0:00,-2.9,-6.3,0.6,0.5,,,10.3,,1028.2,
12/10/2023 0:00,-0.8,-8.1,7.3,0,,,15.5,,1023.1,
12/11/2023 0:00,2.1,-1.9,8.3,0,,,6.9,,1020.9,
12/12/2023 0:00,-0.3,-2.2,2.2,0,,,11.2,,1024.2,
12/13/2023 0:00,-0.6,-2.9,2.5,3.1,,,10.6,,1029.4,
12/14/2023 0:00,-0.3,-2.7,3,0,,,7.1,,1025.1,
12/15/2023 0:00,0.6,-4.1,7.3,0,,,8,,1027.4,
12/16/2023 0:00,2.6,-3.9,11.6,0,,,8.6,,1024,
12/17/2023 0:00,3.6,-1.4,11.5,0,,,10.3,,1023.5,
12/18/2023 0:00,1.6,-4.2,9.6,0,,,7.4,,1022.4,
12/19/2023 0:00,5.6,-0.6,13.9,0,,,7.7,,1014,
12/20/2023 0:00,4.7,0.9,11.2,0,,,5.7,,1017.3,
12/21/2023 0:00,4.6,-0.6,11.6,0,,,4.8,,1021,
12/22/2023 0:00,3.3,-1.6,10.1,0,,,6.4,,1019.8,
12/23/2023 0:00,3.2,-0.2,8.5,1.5,,,10,,1008.7,
12/24/2023 0:00,-3.7,-8.5,0.7,1.3,,,19,,1020,
12/25/2023 0:00,-7.9,-10.9,-3.9,0,,,10.1,,1022.9,
12/26/2023 0:00,-2.8,-7.4,2,2,,,18,,1017.1,
12/27/2023 0:00,-0.2,-3.3,5.1,0,,,11.4,,1022.6,
12/28/2023 0:00,-1.3,-5.8,5.3,0,,,7.2,,1025.4,
12/29/2023 0:00,-0.1,-5.6,7.6,0,,,8.3,,1025.7,
12/30/2023 0:00,1.2,-4.6,9.3,0,,,6.8,,1020.3,
12/31/2023 0:00,-0.9,-4.1,4.6,0,,,8.4,,1021.2,
1/1/2024 0:00,0.1,-5.8,8,0,,,5.4,,1022.5,
1/2/2024 0:00,-0.4,-5,5.7,0,,,6.6,,1022.9,
1/3/2024 0:00,-1.6,-6.2,5.3,0,,,8.9,,1019.4,
1/4/2024 0:00,-2.5,-4.9,0.5,0,,,8.5,,1014.6,
1/5/2024 0:00,-1.6,-4.1,2.3,0,,,8,,1014.2,
1/6/2024 0:00,-2.8,-5.4,1.4,0,,,10.4,,1014.2,
1/7/2024 0:00,-4.1,-7.5,0.6,0,,,10.6,,1005.6,
1/8/2024 0:00,-6,-9.5,-3.7,0.5,,,23.9,,1012.7,
1/9/2024 0:00,-4.9,-10.9,2.5,0,,,13.4,,1011.1,
1/10/2024 0:00,-3.2,-5.8,0.9,0,,,22.2,,1002.4,
1/11/2024 0:00,-7.6,-12,-4.9,0,,,18.4,,1005.1,
1/12/2024 0:00,-7.6,-12.7,-2,0.3,,,19.4,,1008.9,
1/13/2024 0:00,-14.5,-18.9,-10.7,1.7,,,33.8,,1016.5,
1/14/2024 0:00,-14.8,-18.4,-11.8,0.8,,,20.1,,1016.8,
1/15/2024 0:00,-16.3,-19.6,-13.3,2.9,,,21.9,,1024.9,
1/16/2024 0:00,-11.7,-20.8,-2.1,0,,,13,,1021.8,
1/17/2024 0:00,-3.3,-9.4,3.3,0,,,14.1,,1008.4,
1/18/2024 0:00,-2,-7.2,4.9,0,,,23.3,,1016.9,
1/19/2024 0:00,-6.6,-10.4,-2.2,0,,,12,,1028.8,
1/20/2024 0:00,-4.1,-9.1,1.6,0,,,13.7,,1019.4,
1/21/2024 0:00,1.5,-4.8,8.6,0,,,8.4,,1010.5,
1/22/2024 0:00,2,-2.8,7.8,0,,,7,,1012.5,
1/23/2024 0:00,2,-2,8,0,,,6.3,,1014.1,
1/24/2024 0:00,1.2,-3.4,6.9,0,,,5,,1016,
1/25/2024 0:00,1.1,-3.8,6.6,0.2,,,6.4,,1016.2,
1/26/2024 0:00,1.4,-0.7,4.8,1.8,,,8.1,,1023.3,
1/27/2024 0:00,0.7,-4.6,6.5,0,,,8.2,,1029.1,
1/28/2024 0:00,3.6,-3.5,12.2,0,,,7,,1027.8,
1/29/2024 0:00,4.8,-1.1,11.5,0,,,7.2,,1027.1,
1/30/2024 0:00,4.5,-1.5,12.1,0,,,5.5,,1024.7,
1/31/2024 0:00,4.3,-2.4,12.9,0,,,6.1,,1019,
2/1/2024 0:00,6,0.9,12.9,0,,,7,,1011,
2/2/2024 0:00,4,0.3,8.9,1.1,,,8.8,,1001.7,
2/3/2024 0:00,2.3,-0.8,4.4,21.2,,,13.1,,1001,
2/4/2024 0:00,0.5,-2.6,4.3,0.1,,,6.6,,1016.5,
2/5/2024 0:00,1.2,-3.9,7.2,0,,,7.1,,1018.8,
2/6/2024 0:00,4.7,-1.4,11.7,0,,,11.2,,1010,
2/7/2024 0:00,5.5,1.4,11.3,0,,,14.5,,997.7,
2/8/2024 0:00,3.1,-0.4,8.1,0,,,13,,1004.3,
2/9/2024 0:00,-0.4,-3.2,3.2,1.4,,,10.3,,1011.2,
2/10/2024 0:00,-2.8,-4.7,-0.6,1.5,,,14.2,,1016.2,
2/11/2024 0:00,-2.6,-6.1,1.3,0,,,8.4,,1020.9,
2/12/2024 0:00,0.7,-5,7.2,0,,,8.4,,1017.6,
2/13/2024 0:00,2,-2.8,8.4,0,,,9.6,,1015.4,
2/14/2024 0:00,2.3,-2.2,8.8,0,,,11.7,,1014,
2/15/2024 0:00,1.6,-3.9,8.5,0,,,13.1,,1016,
2/16/2024 0:00,-2.4,-6.1,1,4.6,,,16.7,,1021.5,
2/17/2024 0:00,-4.6,-8.8,0.6,0.2,,,10,,1026.8,
2/18/2024 0:00,-0.7,-8.3,6.6,0,,,8,,1016.1,
2/19/2024 0:00,5.2,-0.7,11.8,0,,,12.4,,1015.2,
2/20/2024 0:00,6.9,-0.3,14.8,0,,,10.7,,1016.6,
2/21/2024 0:00,7.8,3.8,14.6,0,,,13,,1011.1,
2/22/2024 0:00,3.8,0.5,8.2,0.2,,,10.1,,1019.1,
2/23/2024 0:00,2.9,-2.4,9,0,,,14.5,,1022.8,
2/24/2024 0:00,4.8,-3.4,15.1,0,,,11.8,,1016.8,
2/25/2024 0:00,7.5,0.1,16.5,0,,,18.3,,1011.6,
2/26/2024 0:00,9,3.9,15.6,0,,,24.7,,1002.8,
2/27/2024 0:00,1.1,-6,6.3,2.8,,,22.4,,1004.1,
2/28/2024 0:00,0.2,-7.6,9.5,0,,,13.4,,1020.3,
2/29/2024 0:00,5.6,-2.1,14.5,0,,,9.6,,1013.1,
3/1/2024 0:00,8.1,1.4,15.6,0,,,13.4,,1008.9,
3/2/2024 0:00,9.4,2.7,17.5,0,,,24,,1000.8,
3/3/2024 0:00,4.8,0.8,9.3,1.3,,,17.2,,1001,
3/4/2024 0:00,2.1,-1.7,7.1,0,,,13.7,,1010.5,
3/5/2024 0:00,1.9,-2.8,7,0,,,12.8,,1015.7,
3/6/2024 0:00,5.5,-0.6,12.6,0,,,9.7,,1009.3,
3/7/2024 0:00,1.6,-1.3,4.6,1.3,,,15.1,,1010.2,
3/8/2024 0:00,-0.8,-2.4,2.1,1.5,,,13,,1021.5,
3/9/2024 0:00,2,-5.4,10.1,0,,,6.7,,1022.4,
3/10/2024 0:00,6.5,-1.8,16.2,0,,,9,,1016.7,
3/11/2024 0:00,7.6,1.6,14.4,0,,,9.4,,1012.2,
3/12/2024 0:00,8.1,2.8,13.8,0,,,12.7,,1009.7,
3/13/2024 0:00,4.8,2,7.2,11.8,,,14.4,,1007.1,
3/14/2024 0:00,1.1,-1.4,3.1,27.7,,,21.3,,1018.6,
3/15/2024 0:00,2.2,-2.6,6.5,1.6,,,14.3,,1024.2,
3/16/2024 0:00,3.8,-2.6,9.2,0,,,8.5,,1020.3,
3/17/2024 0:00,4.9,1.4,9.2,0,,,8,,1022,
3/18/2024 0:00,6.1,-1.1,14.1,0,,,8,,1023.2,
3/19/2024 0:00,9.1,2.8,16,0,,,8.4,,1016.2,
3/20/2024 0:00,8.4,2.3,15.7,0,,,9.3,,1013.9,
3/21/2024 0:00,10.1,2.3,18.5,0,,,11.3,,1011.6,
3/22/2024 0:00,8.2,3.8,13.8,0,,,13.2,,1016.3,
3/23/2024 0:00,8.4,1.6,15.3,0.2,,,15.6,,1006.8,
3/24/2024 0:00,5.5,-0.6,10,10,,,19.1,,992.6,
3/25/2024 0:00,-1.9,-4.4,0.7,1.5,,,15.2,,1005.2,
3/26/2024 0:00,-0.2,-5,5.4,0,,,9.7,,1010.5,
3/27/2024 0:00,3,-3,9.4,0,,,14.1,,1016,
3/28/2024 0:00,7.1,-1.2,16,0,,,12.9,,1011.7,
3/29/2024 0:00,6.9,3.9,9.7,3.1,,,11.2,,1007.7,
3/30/2024 0:00,8.4,3.2,16.1,0,,,11.6,,1007.3,
3/31/2024 0:00,8.7,3.4,14.8,3.1,,,15.4,,1000.6,
4/1/2024 0:00,4.7,1.6,7.8,5.8,,,15.1,,1007.4,
4/2/2024 0:00,6.6,0.5,13.9,0,,,14.4,,1018.8,
4/3/2024 0:00,11.4,4.1,19.6,0,,,12.7,,1016.3,
4/4/2024 0:00,12.9,4.3,22.3,0,,,13.3,,1010.3,
4/5/2024 0:00,14.8,7.9,22.5,0,,,24.5,,1001.6,
4/6/2024 0:00,6.3,-0.7,10.3,0.5,,,36,,997.5,
4/7/2024 0:00,5,-1.4,11.5,0,,,32.6,,1007,
4/8/2024 0:00,5.9,0.5,12.5,0,,,11.4,,1013,
4/9/2024 0:00,7.3,0.3,15.2,0,,,9.3,,1015.7,
4/10/2024 0:00,8.3,4,14,0,,,14.6,,1017.6,
4/11/2024 0:00,8.5,2.1,16.4,0,,,9.1,,1018.8,
4/12/2024 0:00,13.4,3.8,22.7,0,,,11.9,,1014.5,
4/13/2024 0:00,16.3,9.2,23.7,0,,,13,,1010.9,
4/14/2024 0:00,16.5,8.4,24.8,0,,,14.6,,1009.6,
4/15/2024 0:00,13.6,6.7,21.1,0,,,20.7,,999.8,
4/16/2024 0:00,11.8,5.5,18.7,2.4,,,26.8,,1004.7,
4/17/2024 0:00,13.5,7.9,20.6,0,,,20.6,,1009.3,
4/18/2024 0:00,6.2,2.7,8.6,0.1,,,17.7,,1019.2,
4/19/2024 0:00,4.4,1.9,9.1,5.5,,,16.6,,1020.4,
4/20/2024 0:00,3.1,0,6.3,7,,,17,,1023.9,
4/21/2024 0:00,7.8,-0.2,16.5,0,,,13.5,,1022.1,
4/22/2024 0:00,15.1,7.7,22.9,0,,,19.1,,1008.5,
4/23/2024 0:00,12.2,9.5,15.9,0,,,15,,1013.8,
4/24/2024 0:00,14.3,6.3,22.8,0,,,13.4,,1012.5,
4/25/2024 0:00,15.3,10.1,23,0,,,14.6,,1002.9,
4/26/2024 0:00,12.2,8.7,17.7,7.6,,,16.3,,998.9,
4/27/2024 0:00,6.5,3.7,8.7,35,,,15.7,,1007.2,
4/28/2024 0:00,8.3,3.5,13.3,1.9,,,10.1,,1010.7,
4/29/2024 0:00,12.2,5.7,18.5,0,,,12.4,,1009.9,
4/30/2024 0:00,14.1,7.9,21.5,0,,,14.8,,1006.4,
5/1/2024 0:00,11.7,7.2,17,1.8,,,15.2,,1006.6,
5/2/2024 0:00,10.2,5.3,17.2,0.3,,,16.9,,1010.6,
5/3/2024 0:00,11.6,5.9,19,0.9,,,21.2,,1009.1,
5/4/2024 0:00,9.2,2.8,15.7,0,,,15.7,,1015.4,
5/5/2024 0:00,14.7,6.2,23,0,,,23.4,,1002.6,
5/6/2024 0:00,10.7,5.7,13.2,0.4,,,37.2,,997.1,
5/7/2024 0:00,9.1,4.2,15.8,0,,,31.2,,1001.3,
5/8/2024 0:00,7.5,2.9,12.4,0,,,19.4,,1007.2,
5/9/2024 0:00,6.5,4.1,9.1,1.4,,,11.6,,1019,
5/10/2024 0:00,9.1,5.3,13.1,0.9,,,9,,1022.3,
5/11/2024 0:00,10.6,5.5,15.8,0.4,,,10.3,,1014.2,
5/12/2024 0:00,11.8,8.1,16.3,11.2,,,12.7,,1009.6,
5/13/2024 0:00,14.5,8,21.2,0,,,8.9,,1011,
5/14/2024 0:00,16.4,10.8,23.9,0.1,,,14.8,,1007.6,
5/15/2024 0:00,12.7,10,16.6,0.6,,,11.1,,1011.3,
5/16/2024 0:00,15.4,8.2,22.7,0,,,8.6,,1009.8,
5/17/2024 0:00,19,11.2,27.2,0,,,16.8,,1004.1,
5/18/2024 0:00,17.9,12.4,24,1,,,16.9,,1009.1,
5/19/2024 0:00,18.8,12.9,25.9,0.1,,,17,,1006.4,
5/20/2024 0:00,16,11.6,21.6,0.4,,,15.1,,1005.8,
5/21/2024 0:00,10.9,6.8,14.4,7.2,,,15.1,,1008.6,
5/22/2024 0:00,12.5,4.2,20.2,0,,,14.7,,1011,
5/23/2024 0:00,16.1,9.2,24.7,0.6,,,21.4,,1002,
5/24/2024 0:00,13.4,6.3,20.3,0,,,15.4,,1009.1,
5/25/2024 0:00,15.4,10.6,21.9,3.9,,,15.8,,1002.3,
5/26/2024 0:00,16,10,22.8,0,,,23,,1008.1,
5/27/2024 0:00,17.1,10,23.6,0,,,11.9,,1015.8,
5/28/2024 0:00,17.4,11.4,24.1,0,,,12.9,,1018.2,
5/29/2024 0:00,19.7,13,27,0,,,14.6,,1012.3,
5/30/2024 0:00,19,14.4,24.6,0,,,14.9,,1011.1,
5/31/2024 0:00,17.1,11.2,21.7,0.4,,,11.5,,1013.4,
6/1/2024 0:00,19.7,12.4,26.5,0.7,,,11.7,,1010.2,
6/2/2024 0:00,21.6,14.3,29.6,0,,,15.1,,1004.7,
6/3/2024 0:00,21.9,14.9,29.1,0,,,15.2,,1003.5,
6/4/2024 0:00,21.6,16.7,27.2,0,,,24.1,,1005,
6/5/2024 0:00,23.2,15.2,30.9,0,,,19.9,,1009.6,
6/6/2024 0:00,23,16.8,29.2,0,,,13,,1012.7,
6/7/2024 0:00,25.1,18.5,33.1,0,,,16.6,,1007.8,
6/8/2024 0:00,21.9,18,27.5,0.2,,,13.7,,1009.2,
6/9/2024 0:00,20.3,15.1,25.7,0.2,,,15.5,,1013.3,
6/10/2024 0:00,21.1,15.9,26.7,3.7,,,15.4,,1011,
6/11/2024 0:00,22.1,16.5,28.1,0.1,,,14.2,,1011.5,
6/12/2024 0:00,25.2,17.8,33.1,0,,,15.5,,1010,
6/13/2024 0:00,25.8,19,33.2,0,,,15.1,,1011.1,
6/14/2024 0:00,21.6,17.5,26.9,3.7,,,16.1,,1013,
6/15/2024 0:00,23.2,15.3,30.6,0,,,15.8,,1007.4,
6/16/2024 0:00,24.7,18,31.1,0.6,,,16.1,,1002.5,
6/17/2024 0:00,24.6,16.9,32.3,0,,,21.2,,996.3,
6/18/2024 0:00,19.9,14.6,23.9,0,,,22.8,,1004.1,
6/19/2024 0:00,16.2,12.6,20.2,2.2,,,28.5,,1016.7,
6/20/2024 0:00,21.5,14,28.9,1.5,,,20.6,,1014.7,
6/21/2024 0:00,22.8,17.9,27.8,0,,,15.6,,1012.5,
6/22/2024 0:00,23.8,18.1,30.4,0,,,14.5,,1013.4,
6/23/2024 0:00,25.9,18.5,33.4,0,,,13.1,,1012.7,
6/24/2024 0:00,27,20.7,34.5,0,,,14.2,,1009.6,
6/25/2024 0:00,27.3,20.2,35,0,,,13.4,,1010.3,
6/26/2024 0:00,24.9,20.7,30.8,1.9,,,15.2,,1012.8,
6/27/2024 0:00,25.1,19.8,31.8,0.4,,,17.7,,1006.2,
6/28/2024 0:00,24.9,19.4,30.6,0.5,,,17.1,,1004.9,
6/29/2024 0:00,21.9,17.9,27.5,0,,,17.1,,1016.3,
6/30/2024 0:00,23.1,18,28.7,0,,,16.3,,1016.4,
7/1/2024 0:00,25.1,20.4,30.6,0.1,,,18.1,,1009,
7/2/2024 0:00,22.7,18.1,27.8,0,,,14,,1009.9,
7/3/2024 0:00,22.9,16.4,29,0,,,15.1,,1011,
7/4/2024 0:00,21.1,15.9,26,0,,,15.6,,1015.6,
7/5/2024 0:00,20.1,14.4,25.3,0,,,13.5,,1018.2,
7/6/2024 0:00,22.6,14,30.5,0,,,15.1,,1012.1,
7/7/2024 0:00,19.4,16,24.5,5.3,,,17.8,,1014.2,
7/8/2024 0:00,19.6,12.8,26.3,0,,,10,,1017,
7/9/2024 0:00,22.4,15.7,29.2,0,,,13.6,,1015.4,
7/10/2024 0:00,23.9,17.2,31.1,0,,,12.2,,1016.1,
7/11/2024 0:00,25.6,17,33.3,0,,,12,,1014.3,
7/12/2024 0:00,28.3,20.3,36.3,0,,,14.8,,1011.8,
7/13/2024 0:00,28.7,21.5,35.9,0,,,13.8,,1013.6,
7/14/2024 0:00,28.3,22.1,36.4,0,,,15.4,,1014.4,
7/15/2024 0:00,26.6,21.7,34.2,0.2,,,14.4,,1012.5,
7/16/2024 0:00,23.5,18.2,29.6,0.2,,,13.3,,1014.4,
7/17/2024 0:00,22.4,18.4,28.2,0.2,,,13,,1018.8,
7/18/2024 0:00,22.8,17.1,29.6,0.8,,,13.4,,1018.3,
7/19/2024 0:00,24.2,19,30.9,0,,,14.6,,1016.4,
7/20/2024 0:00,22.3,18.6,28.6,1.3,,,13.3,,1019.1,
7/21/2024 0:00,19.6,15.1,24.7,3.4,,,13.1,,1020.9,
7/22/2024 0:00,21,15.1,27.7,0,,,11.1,,1018.3,
7/23/2024 0:00,23.4,16.1,30.1,0,,,10.7,,1017,
7/24/2024 0:00,25.3,18.7,32.5,0,,,13.8,,1018.7,
7/25/2024 0:00,26.8,20,34.4,0,,,16.9,,1017.1,
7/26/2024 0:00,24.5,19.8,30.9,1,,,14.4,,1012.6,
7/27/2024 0:00,24.5,17.9,31.9,0.9,,,13.6,,1008.5,
7/28/2024 0:00,26.5,19,33.4,0,,,14.7,,1006.7,
7/29/2024 0:00,27.2,19.3,34.6,0,,,14.3,,1009.3,
7/30/2024 0:00,28,20.2,35.6,0,,,15.4,,1007.8,
7/31/2024 0:00,27.2,20.5,33.6,0,,,14.7,,1010.7,
8/1/2024 0:00,27,19.5,34.9,0,,,14.7,,1016.8,
8/2/2024 0:00,27.4,21.7,33.8,0,,,15.5,,1018.3,
8/3/2024 0:00,27.7,21.8,33.9,0,,,11.8,,1015.8,
8/4/2024 0:00,27.3,21.5,34.4,0,,,15,,1012.9,
8/5/2024 0:00,26.7,21.8,33.3,0.4,,,14,,1014.8,
8/6/2024 0:00,25.4,21.1,31.2,0,,,16.7,,1016.9,
8/7/2024 0:00,26.1,21.4,34.5,2.5,,,15.4,,1012.7,
8/8/2024 0:00,20.1,16.2,24.5,9,,,21.3,,1017,
8/9/2024 0:00,17.9,14.8,21.7,1,,,16.2,,1019.5,
8/10/2024 0:00,19.8,14.9,25.2,0.5,,,14.8,,1018,
8/11/2024 0:00,22.6,16.8,29.8,0.2,,,15.8,,1014.5,
8/12/2024 0:00,21.1,18.3,26.6,0.4,,,13,,1015.6,
8/13/2024 0:00,21.3,16.5,28,5.5,,,15.9,,1013.3,
8/14/2024 0:00,22.3,16.9,29,0.2,,,14.4,,1013.2,
8/15/2024 0:00,21.8,15.8,28.4,0,,,14,,1015.8,
8/16/2024 0:00,24.1,17.5,31.7,0,,,12,,1013.9,
8/17/2024 0:00,26.2,19.2,34,0,,,14.7,,1013.9,
8/18/2024 0:00,25.6,21.4,32,0,,,16.1,,1014.8,
8/19/2024 0:00,23.5,19.4,29.4,0,,,13.7,,1017.6,
8/20/2024 0:00,25.1,18.6,32.3,0.3,,,14.6,,1016.9,
8/21/2024 0:00,25.1,20.9,31.5,0,,,16.2,,1014.6,
8/22/2024 0:00,22.7,18.9,28.2,3.2,,,13.1,,1014.7,
8/23/2024 0:00,22.6,17.2,28.8,0.1,,,14.3,,1013.2,
8/24/2024 0:00,24.3,18,30.9,0.1,,,17.3,,1012.8,
8/25/2024 0:00,23,18.5,28.2,2.1,,,15.6,,1016,
8/26/2024 0:00,22,17.3,27.4,1.1,,,14.6,,1019.2,
8/27/2024 0:00,22.4,16.7,28.1,,,,12.3,,1019.1,
8/28/2024 0:00,24.4,18.1,30.6,,,,10.3,,1014,
8/29/2024 0:00,21.9,17.4,27.2,,,,13.1,,1016.5,
8/30/2024 0:00,21,16.2,26.3,,,,12.9,,1020.6,
8/31/2024 0:00,21.5,16.4,26.8,,,,10.9,,1017.7,
9/1/2024 0:00,21.8,17,27,,,,10.7,,1017.1,
9/2/2024 0:00,21.2,16.4,26.5,,,,9.2,,1017.9,
9/3/2024 0:00,22.6,16.9,30.3,,,,11.4,,1016.2,
9/4/2024 0:00,21.1,16.8,26.9,1.2,,,15.5,,1018.4,
9/5/2024 0:00,17.8,14.3,22,4.8,,,11.8,,1026.4,
9/6/2024 0:00,19.8,13.7,26.2,0,,,9.1,,1024.2,
9/7/2024 0:00,21.1,15,27.5,0,,,11.1,,1018.5,
9/8/2024 0:00,22.1,16.2,28.8,0,,,11.8,,1015.1,
9/9/2024 0:00,22.2,15.3,29.8,0,,,12.6,,1014.3,
9/10/2024 0:00,21.9,16.7,28.7,0,,,11.9,,1012.6,
9/11/2024 0:00,21,16.5,27.2,0,,,11.8,,1008.1,
9/12/2024 0:00,22.7,15.2,30.4,0,,,20.5,,1001.4,
9/13/2024 0:00,20.3,15.3,25.5,0,,,13.9,,1008.3,
9/14/2024 0:00,20.6,13.7,27.8,0,,,12.9,,1011.9,
9/15/2024 0:00,21.2,16.2,27.2,0.7,,,12.4,,1010.6,
9/16/2024 0:00,20.5,15.1,26.6,0,,,14.9,,1009.3,
9/17/2024 0:00,20.2,16.2,25.8,0.2,,,20.6,,1005.6,
9/18/2024 0:00,19.1,12.2,26.1,0,,,14.1,,1006.2,
9/19/2024 0:00,18.8,12.3,25,0,,,11.8,,1010.5,
9/20/2024 0:00,20.5,14.6,27.3,0,,,12.1,,1008.2,
9/21/2024 0:00,15.8,9.8,20.9,7.6,,,18.2,,1013.1,
9/22/2024 0:00,11.3,8.3,14.9,12.8,,,13.3,,1019.3,
9/23/2024 0:00,15.9,7.6,23.9,0,,,8.3,,1013.5,
9/24/2024 0:00,17.3,11.7,23.5,0,,,8.8,,1015,
9/25/2024 0:00,19.4,11.3,27.6,0,,,11.4,,1014.6,
9/26/2024 0:00,21.7,14.7,29.3,0,,,10.4,,1011.8,
9/27/2024 0:00,20.9,16.3,27.3,0,,,10.6,,1015.7,
9/28/2024 0:00,20.7,14.3,27.5,0,,,13.2,,1017.7,
9/29/2024 0:00,21.6,14.5,28.4,0,,,13,,1014.8,
9/30/2024 0:00,19.2,14.2,25.8,0,,,20.4,,1016,
10/1/2024 0:00,14.4,8.5,20.7,0,,,10.8,,1023.3,
10/2/2024 0:00,19.1,10.4,28.4,0,,,10.3,,1012.5,
10/3/2024 0:00,16.7,12.7,23.1,0,,,15,,1014,
10/4/2024 0:00,16.1,8,24,0,,,11.7,,1018.3,
10/5/2024 0:00,19.9,13.2,27.4,0,,,15.4,,1014.9,
10/6/2024 0:00,15.8,10.5,22.6,0,,,9.3,,1022,
10/7/2024 0:00,16.8,10.8,24.1,0,,,8.6,,1018.7,
10/8/2024 0:00,17,9.9,24.3,0,,,7.7,,1016.1,
10/9/2024 0:00,17.2,11.7,24.1,0,,,9.6,,1017.1,
10/10/2024 0:00,18,11.2,25.4,0,,,8.6,,1017.8,
10/11/2024 0:00,16.4,13.3,21.5,0,,,8.6,,1019.8,
10/12/2024 0:00,16.8,10.8,24,0,,,9.9,,1018.4,
10/13/2024 0:00,14.3,10.7,19.8,0,,,9.3,,1021.8,
10/14/2024 0:00,15.4,7.7,24,0,,,7.3,,1019.7,
10/15/2024 0:00,14.3,10.7,20.4,0,,,13.3,,1021.2,
10/16/2024 0:00,13.7,6,22.4,0,,,11.9,,1017,
10/17/2024 0:00,15.6,9.9,21.5,0,,,22.6,,1006,
10/18/2024 0:00,10.1,6.5,13,2.2,,,21.8,,1012.5,
10/19/2024 0:00,9.3,5.6,14.1,0.3,,,11.3,,1023.4,
10/20/2024 0:00,12.6,8.4,18.6,0,,,12.1,,1018.7,
10/21/2024 0:00,12,7.7,17.5,11.7,,,19.4,,1014.6,
10/22/2024 0:00,13.7,7.7,20.5,0,,,10.3,,1018.8,
10/23/2024 0:00,13.1,7.9,20.2,0,,,12.3,,1020.3,
10/24/2024 0:00,12.6,8.5,19,0,,,20.3,,1013.8,
10/25/2024 0:00,9.1,3.8,15.6,0,,,7.3,,1023.9,
10/26/2024 0:00,11,4,21.3,0,,,7.5,,1023.4,
10/27/2024 0:00,13,6.2,20.4,0,,,9.3,,1018.1,
10/28/2024 0:00,14.9,10.3,22.6,0,,,13.3,,1005.9,
10/29/2024 0:00,9.1,4.9,12.8,0,,,16.9,,1000.7,
10/30/2024 0:00,3,0.5,4.4,5.9,,,14.7,,1014.8,
10/31/2024 0:00,4.9,-0.6,12.3,0,,,10.9,,1016.4,
11/1/2024 0:00,6,0.1,12.5,0,,,12.4,,1016.4,
11/2/2024 0:00,7,0.2,14.9,0,,,11.3,,1010.9,
11/3/2024 0:00,5.9,2.6,9.7,5,,,14.6,,1004.2,
11/4/2024 0:00,2.8,-0.9,5.5,1.8,,,15.2,,1015,
11/5/2024 0:00,2.4,-2.2,7.9,2,,,12.7,,1009.5,
11/6/2024 0:00,-1.4,-3.4,0.5,6.7,,,18.9,,1023.1,
11/7/2024 0:00,-1.2,-4.4,2.3,2.7,,,8.6,,1028.5,
11/8/2024 0:00,0.5,-1.1,2.3,16.8,,,15.6,,1023.2,
11/9/2024 0:00,2.6,0,5.7,4.9,,,11.7,,1013.7,
11/10/2024 0:00,5.8,-1.4,15.1,0,,,9.3,,1017.4,
11/11/2024 0:00,4.5,-2.2,13.2,0,,,7.7,,1018.1,
11/12/2024 0:00,4,-2,11.1,0.9,,,10,,1007.8,
11/13/2024 0:00,3.6,-0.6,9.1,0,,,10.9,,1019.6,
11/14/2024 0:00,4.1,-2.5,11.2,0,,,7.7,,1017,
11/15/2024 0:00,4.3,-2.2,12,0,,,11.3,,1007,
11/16/2024 0:00,4.2,0.8,9.1,0,,,12,,1005.9,
11/17/2024 0:00,2.9,-0.9,8.7,0,,,8.7,,1012.3,
11/18/2024 0:00,3.1,-3.1,10.5,0,,,11.1,,1002.4,
11/19/2024 0:00,-1.4,-4.8,2.7,0,,,21.4,,1016.2,
11/20/2024 0:00,-0.1,-5.8,6.4,0,,,9.8,,1024.7,
11/21/2024 0:00,3,-2.4,10.5,0,,,7.5,,1023.9,
11/22/2024 0:00,5.9,0.3,13.3,0,,,5.4,,1019.8,
11/23/2024 0:00,7.6,2.1,16.2,0,,,9.6,,1009.1,
11/24/2024 0:00,5.3,-0.5,11.7,0.5,,,13.7,,1008.5,
11/25/2024 0:00,0.9,-2,5.9,0,,,11.1,,1023.4,
11/26/2024 0:00,2.6,-2.7,7.3,2.1,,,9.9,,1013,
11/27/2024 0:00,0,-4.6,2.4,12.2,,,11.7,,1017.6,
11/28/2024 0:00,-3.1,-6.3,2.5,0,,,7.8,,1024.4,
11/29/2024 0:00,-1.4,-6.9,5.3,0,,,7.8,,1021.5,
11/30/2024 0:00,0.6,-4.1,6.9,0,,,9.3,,1021.6,
12/1/2024 0:00,1.9,-2.3,8.4,0,,,7.7,,1025.3,
12/2/2024 0:00,0.9,-3.6,7,0,,,7.7,,1028.5,
12/3/2024 0:00,4,-2.7,12,0,,,5.8,,1024.3,
12/4/2024 0:00,3.6,-0.6,9.8,0,,,6.8,,1024.6,
12/5/2024 0:00,1.3,-2.8,7.3,0,,,6.3,,1026.2,
12/6/2024 0:00,2.3,-2.7,9,0,,,5.7,,1025.3,
12/7/2024 0:00,3.4,-2.8,11.5,0,,,5.9,,1019.7,
12/8/2024 0:00,4.5,-0.7,10.4,0,,,13.2,,1010.1,
12/9/2024 0:00,-1.2,-4.3,1.9,,,,13.7,,1020,
12/10/2024 0:00,-3.7,-7.2,0.1,,,,14.1,,1029,
12/11/2024 0:00,-1.6,-7,4,,,,6.9,,1026.2,
12/12/2024 0:00,0.5,-3.7,5.2,,,,5.5,,1017.4,
12/13/2024 0:00,0.3,-3.3,5.9,,,,11.9,,1014.3,
12/14/2024 0:00,2.4,-2.9,8.8,0,,,12.4,,1018.2,
12/15/2024 0:00,2.9,-1.5,9.9,0,,,15,,1015.5,
12/16/2024 0:00,-1,-4.5,5.1,0,,,13.3,,1021.8,
12/17/2024 0:00,1,-4.4,7.2,0,,,14.4,,1021,
12/18/2024 0:00,1.7,-4.2,8.6,0,,,9.8,,1026.8,
12/19/2024 0:00,3.9,-0.7,11.3,0,,,12.1,,1025.6,
12/20/2024 0:00,3.2,-4,12.7,0,,,7.7,,1025.6,
12/21/2024 0:00,4.4,-0.7,11.9,0,,,7.2,,1022.6,
12/22/2024 0:00,6.6,1.4,13.2,0,,,8.6,,1015.7,
12/23/2024 0:00,4.5,2,9.2,0,,,7.1,,1019.3,
12/24/2024 0:00,3.7,0.7,8.7,0,,,7.6,,1020.5,
12/25/2024 0:00,2.8,0.6,5.7,4.1,,,9.9,,1010.4,
12/26/2024 0:00,2.4,-1.2,7.1,0,,,7.9,,1011,
12/27/2024 0:00,1.4,-1.8,6.4,0,,,11.8,,1007.7,
12/28/2024 0:00,2.2,-2.4,7.4,0,,,11.8,,1012.2,
12/29/2024 0:00,4.8,0,10.8,0,,,11.4,,1009.8,
12/30/2024 0:00,2.5,-3.4,6.2,0.1,,,26.3,,1011.5,
12/31/2024 0:00,-4,-6.1,-0.1,0,,,12.1,,1022.9,
1/1/2025 0:00,-3.5,-7.8,1.5,0,,,9.2,,1021.7,
1/2/2025 0:00,0,-6.1,6.7,0,,,12.7,,1021.9,
1/3/2025 0:00,0.6,-5.1,7.8,0,,,12.7,,1021.4,
1/4/2025 0:00,-3.4,-6.8,-0.5,0,,,16.7,,1013.9,
1/5/2025 0:00,-6.6,-9.3,-3.3,0,,,14.1,,1023.9,
1/6/2025 0:00,-4.2,-8.3,0.5,0,,,10.3,,1025.8,
1/7/2025 0:00,-5.9,-9.7,-3.9,5.1,,,11.8,,1032.2,
1/8/2025 0:00,-6.1,-12.9,1.5,0,,,9.4,,1026.9,
1/9/2025 0:00,-4.7,-8,-1.5,1.5,,,20.2,,1025.4,
1/10/2025 0:00,-4,-10.1,1.8,0,,,11.7,,1021.2,
1/11/2025 0:00,-1,-4.6,2.9,0.2,,,16.2,,1010.2,
1/12/2025 0:00,-3.5,-5.9,0.8,0,,,7.6,,1020.5,
1/13/2025 0:00,-5.1,-8.3,-0.4,0,,,6.5,,1025.3,
1/14/2025 0:00,-5,-9.2,0.6,0,,,7.4,,1028.7,
1/15/2025 0:00,-1.4,-7.6,5.6,0,,,8.7,,1029.9,
1/16/2025 0:00,1.9,-4.6,10.4,0,,,8.4,,1019.7,
1/17/2025 0:00,-0.4,-6.1,5,2.4,,,18.1,,1009,
1/18/2025 0:00,-10.4,-15.8,-6.4,4.9,,,14.4,,1026.4,
1/19/2025 0:00,-13.1,-17.9,-9.3,0.5,,,10.4,,1028,
1/20/2025 0:00,-14.8,-18.5,-12.1,0.9,,,14.1,,1033.1,
1/21/2025 0:00,-7.4,-19.8,3.1,0,,,14.5,,1025.7,
1/22/2025 0:00,-5.4,-9,-2.9,0,,,20.4,,1027.4,
1/23/2025 0:00,-6.6,-10.3,-1.7,0,,,9.6,,1032.1,
1/24/2025 0:00,-1.5,-7.9,5.4,0,,,13.2,,1016.7,
1/25/2025 0:00,-6.1,-8,-3,4.9,,,16.4,,1024.6,
1/26/2025 0:00,-6.1,-9.2,-2.4,0,,,10,,1026.3,
1/27/2025 0:00,-2.3,-10.1,5.3,0,,,6.8,,1022.1,
1/28/2025 0:00,-0.1,-5.9,6,0,,,5.8,,1018.8,
1/29/2025 0:00,0.5,-5.2,6.7,0,,,6,,1015.1,
1/30/2025 0:00,1.9,-1.1,6.2,0.1,,,12.7,,1011.2,
1/31/2025 0:00,3.2,-3.6,11.4,0,,,11.4,,1017.4,
2/1/2025 0:00,4.5,-1.4,10.8,0,,,10.5,,1011.7,
2/2/2025 0:00,7.9,0.9,15.3,0,,,12.6,,1008.9,
2/3/2025 0:00,8.7,1.3,17.5,0,,,15.5,,1011.8,
2/4/2025 0:00,0.7,-4.3,5.8,0,,,18.8,,1016,
2/5/2025 0:00,4.8,-6.9,13.5,0,,,19,,1008.2,
2/6/2025 0:00,3.1,-1.4,7.2,0,,,12.6,,1012.9,
2/7/2025 0:00,5.2,-4.9,15.2,0,,,16,,1007.7,
2/8/2025 0:00,-0.1,-2.2,2.9,3.4,,,18.1,,1016.8,
2/9/2025 0:00,-1.4,-4.4,2.7,0,,,14.4,,1023.6,
2/10/2025 0:00,-3.8,-7.3,1.2,0,,,17.2,,1019.8,
2/11/2025 0:00,-9.1,-11.6,-7.4,2.2,,,21.5,,1014.7,
2/12/2025 0:00,-12.7,-14.7,-10.6,0.7,,,15,,1016.3,
2/13/2025 0:00,-8,-17.9,0.4,0,,,13.1,,1018.4,
2/14/2025 0:00,1.7,-6.6,9.1,0.7,,,13.1,,1006.7,
2/15/2025 0:00,-2.4,-6.9,0,0.6,,,13.9,,1016.5,
2/16/2025 0:00,-3.7,-10,2.2,0,,,15,,1018.8,
2/17/2025 0:00,-3.7,-7.5,1.3,0,,,20.7,,1012.8,
2/18/2025 0:00,-9.3,-13.9,-5.4,0,,,25.2,,1021.9,
2/19/2025 0:00,-10.8,-15.5,-5.3,0,,,20.1,,1029.2,
2/20/2025 0:00,-7.6,-12.3,-3.4,1.1,,,14.8,,1023.1,
2/21/2025 0:00,-1.6,-6.4,4.5,1.9,,,8.2,,1024.2,
2/22/2025 0:00,2.7,-4.8,10.7,0,,,8,,1021.4,
2/23/2025 0:00,7.1,-1.3,15.7,0,,,13.4,,1017.8,
2/24/2025 0:00,9.9,3.6,16.5,0,,,16.1,,1015.1,
2/25/2025 0:00,9.5,4.2,16.2,0,,,19,,1012.5,
2/26/2025 0:00,3.1,-0.3,7.4,0,,,10.7,,1022.1,
2/27/2025 0:00,5.2,-3.6,14.9,0,,,8,,1025.2,
2/28/2025 0:00,7.9,0.4,16.1,0,,,10.2,,1017.3,
3/1/2025 0:00,7.6,-0.5,15.6,0,,,9.2,,1015.4,
3/2/2025 0:00,8.4,0.8,17.4,0,,,8.1,,1007.1,
3/3/2025 0:00,7.6,3,13.7,1.8,,,15.6,,998.2,
3/4/2025 0:00,3.6,-1.1,6.3,0.1,,,26.7,,1008.2,
3/5/2025 0:00,3.4,-3.7,10.4,0,,,15.1,,1014.1,
3/6/2025 0:00,4.9,2.1,8.9,3.4,,,14.4,,1000.5,
3/7/2025 0:00,0.3,-2,2.2,0,,,13.2,,1011.6,
3/8/2025 0:00,2.2,-3.5,8.9,0,,,7.8,,1021.2,
3/9/2025 0:00,7.4,-1.8,17.5,0,,,9.4,,1019.7,
3/10/2025 0:00,10.7,1.6,19.6,0,,,14.2,,1010.7,
3/11/2025 0:00,9.9,2.6,17.5,0,,,10.8,,1005.8,
3/12/2025 0:00,10.2,4.7,16.7,0,,,9.1,,1005.7,
3/13/2025 0:00,9.3,2.3,15,0,,,12.1,,1000.2,
3/14/2025 0:00,5.9,0.6,8.2,,,,21.8,,992.4,
3/15/2025 0:00,1.5,-2,5.2,,,,14,,1005.4,
3/16/2025 0:00,3.3,-2.8,9.2,,,,16.7,,1018,
3/17/2025 0:00,8.3,0.2,15.7,,,,16.6,,1016.2,
3/18/2025 0:00,10.5,5.5,16,,,,18.5,,1007.6,
3/19/2025 0:00,7.5,3.9,10.8,,,,17.8,,1012,
3/20/2025 0:00,7.6,2.2,13.9,,,,10.8,,1019,
3/21/2025 0:00,6.2,0.5,11.7,,,,16.1,,1014.9,
3/22/2025 0:00,8.2,2.9,14.1,0,,,19.8,,1007.9,
3/23/2025 0:00,8.2,3,15.2,0,,,16.4,,1014.8,
3/24/2025 0:00,12.7,5.9,19.1,0,,,22.5,,1015,
3/25/2025 0:00,13.1,7.4,18.8,0,,,9.4,,1020.4,
3/26/2025 0:00,14.4,6.7,22.9,0,,,9.1,,1016,
3/27/2025 0:00,16,7.5,23.6,0,,,11.1,,1009.2,
3/28/2025 0:00,15.8,9.5,22,0.1,,,14.9,,1002.1,
3/29/2025 0:00,9.5,3.1,12.5,19.2,,,14.7,,1005,
3/30/2025 0:00,5.5,1.5,9.9,4.2,,,12.7,,1010.5,
3/31/2025 0:00,7.3,1.5,14,0,,,13.9,,1008.8,
4/1/2025 0:00,6.3,2.1,10.9,2.5,,,16.2,,994.6,
4/2/2025 0:00,3.6,-0.2,7.6,0.3,,,14.6,,1002.3,
4/3/2025 0:00,1.6,-1.2,3.9,1.4,,,10.8,,1011.3,
4/4/2025 0:00,1.1,-0.9,3.3,1.9,,,14.9,,1021.2,
4/5/2025 0:00,0.7,-2.7,5.1,0,,,9.1,,1029.2,
4/6/2025 0:00,5.4,-2,12.9,0,,,7.7,,1021.3,
4/7/2025 0:00,9.8,1.1,18.6,0,,,10.1,,1016.2,
4/8/2025 0:00,13.7,5,21.1,0,,,16.4,,1011,
4/9/2025 0:00,14.4,6.7,21.3,0,,,17.4,,1016.2,
4/10/2025 0:00,12.3,5.9,18.7,0,,,9.7,,1025.8,
4/11/2025 0:00,15.5,5.9,25.7,0,,,11.7,,1019.2,
4/12/2025 0:00,19,9.9,27.9,0,,,16.1,,1006.4,
4/13/2025 0:00,13.6,6.8,18.5,0.7,,,16.9,,1009.1,
4/14/2025 0:00,8.5,4.6,14.4,0.9,,,11.6,,1022.2,
4/15/2025 0:00,11,2.1,18.7,0,,,12.1,,1019.4,
4/16/2025 0:00,15.5,8.1,21.1,0.4,,,11.1,,1007.5,
4/17/2025 0:00,13.8,7.7,19.2,,,,17.5,,1003,
4/18/2025 0:00,5.6,2.7,9,,,,17.3,,1014.1,
4/19/2025 0:00,6.2,0.5,10.8,,,,14.7,,1017.9,
4/20/2025 0:00,9.9,3.6,14.8,,,,13.5,,1008.7,
4/21/2025 0:00,11.6,5.8,16.7,,,,16,,1006,
4/22/2025 0:00,13.3,5.3,20.8,,,,9.3,,1011.2,
4/23/2025 0:00,11.5,6.7,16,2.2,,,12.4,,1012.2,
4/24/2025 0:00,12,8.3,16.7,3.9,,,13.6,,1011.9,
4/25/2025 0:00,8.6,6.7,11.4,5.8,,,17.5,,1018.7,
4/26/2025 0:00,12.8,5.8,21.6,0,,,19,,1011.2,
4/27/2025 0:00,16.8,8.9,25.2,0.4,,,20.2,,1002,
4/28/2025 0:00,11.2,6.4,15.4,1.3,,,16.4,,1008.3,
4/29/2025 0:00,9.8,3.8,16,0.2,,,14.6,,1016.7,
4/30/2025 0:00,11.3,5.9,17.1,1.9,,,13.1,,1009.6,
5/1/2025 0:00,9.9,6.9,13.6,1.3,,,9.6,,1015.3,
5/2/2025 0:00,10.5,4.5,17.1,0,,,9.2,,1018.2,
5/3/2025 0:00,14.1,4.5,22.8,0,,,11.6,,1012.5,
5/4/2025 0:00,15.4,9,22.3,2,,,20.9,,1006.7,
5/5/2025 0:00,12.5,8.5,16.6,1.2,,,26.6,,1006.4,
5/6/2025 0:00,8.3,6,10.3,17.6,,,17.9,,1015.2,
5/7/2025 0:00,8.7,5.3,10.9,6,,,10.6,,1020.2,
5/8/2025 0:00,12,4.5,18.7,0,,,8.9,,1021.2,
5/9/2025 0:00,14.4,8.1,20.6,0.3,,,9.6,,1023.5,
5/10/2025 0:00,16.6,8.4,23.7,0,,,12.5,,1021.8,
5/11/2025 0:00,18.6,10.7,25.6,0,,,15.4,,1014,
5/12/2025 0:00,20.6,11.9,28.5,0,,,15.6,,1004.6,
5/13/2025 0:00,21.2,12.9,28.9,0,,,16,,997.1,
5/14/2025 0:00,15.8,7.4,21.9,1.6,,,18.4,,999.2,
5/15/2025 0:00,12,6,17.6,0,,,22.1,,1005.6,
5/16/2025 0:00,14.5,7.8,19.9,0,,,20.5,,1008.5,
5/17/2025 0:00,15.3,10.4,20,0,,,13.5,,1008.3,
5/18/2025 0:00,13.7,9.9,17.9,1.7,,,13.3,,1000.3,
5/19/2025 0:00,11.7,8.6,14.4,0.4,,,15.3,,1003.8,
5/20/2025 0:00,13,6,19.8,0,,,19.7,,1010.9,
5/21/2025 0:00,15.2,7.4,22.5,0,,,13.6,,1013.7,
5/22/2025 0:00,15.6,9,21.7,0.2,,,15.4,,1015.7,
5/23/2025 0:00,19.2,12.2,26.2,1.1,,,14.4,,1007.9,
5/24/2025 0:00,16.4,12.8,20.5,7,,,15.7,,1011.6,
5/25/2025 0:00,12.7,10.3,15.6,14.6,,,18.6,,1017,
5/26/2025 0:00,12.3,9,15.7,4.3,,,10.8,,1016,
5/27/2025 0:00,14.3,8.6,20.4,0.4,,,10.9,,1017.1,
5/28/2025 0:00,13.8,10.6,17.9,3.7,,,14.1,,1016.6,
5/29/2025 0:00,13.5,10.1,17.1,2.7,,,13.4,,1019.1,
5/30/2025 0:00,17.7,10.4,24.3,0.5,,,10.3,,1017.7,
5/31/2025 0:00,19.5,13.7,24.9,0,,,9.3,,1016.3,
6/1/2025 0:00,21,14.2,27.6,0.1,,,12.4,,1010.3,
6/2/2025 0:00,20.3,15.3,25.5,4,,,14.4,,1006.1,
6/3/2025 0:00,13.1,11.6,14.9,19.7,,,17.4,,1012.9,
6/4/2025 0:00,14,9.6,18.3,1.5,,,12.4,,1013.7,
6/5/2025 0:00,14.6,11.2,18.4,3.3,,,12.6,,1013.4,
6/6/2025 0:00,14.4,10.6,18.5,4,,,11.6,,1015.1,
6/7/2025 0:00,19.2,10.8,26.5,0,,,13.3,,1012.7,
6/8/2025 0:00,18.2,14.7,22,0.3,,,11.5,,1013.7,
6/9/2025 0:00,19.1,13.1,25.1,0,,,9,,1014.8,
6/10/2025 0:00,22.2,14.6,28.6,0.2,,,12.2,,1012.4,
6/11/2025 0:00,22.7,16.7,28,0,,,13,,1010.7,
6/12/2025 0:00,22.7,16.5,28.4,0,,,14.1,,1008.3,
6/13/2025 0:00,23.2,17.4,28.6,0.3,,,12.8,,1008.3,
6/14/2025 0:00,24.6,17.2,30.8,0.1,,,11.6,,1010.3,
6/15/2025 0:00,24.8,17.9,30.7,0,,,15,,1012.5,
6/16/2025 0:00,25,17.9,30.3,0,,,14.9,,1009.3,
6/17/2025 0:00,19.3,16.3,21.8,1,,,15.8,,1009.2,
6/18/2025 0:00,20.7,13.1,27.6,0,,,11.7,,1013.2,
6/19/2025 0:00,25.5,16.3,32.8,0,,,16.1,,1010,
6/20/2025 0:00,28.8,18.8,35.6,0,,,27.6,,1000.5,
6/21/2025 0:00,28.4,19.1,35,0,,,20.8,,997.5,
6/22/2025 0:00,25.9,18.7,31.2,0,,,21.7,,1001,
6/23/2025 0:00,19.9,15.5,23.1,0.4,,,22,,1014.1,
6/24/2025 0:00,19.9,15,24.4,4.7,,,14.8,,1014.7,
6/25/2025 0:00,20.6,16.2,24.4,2.7,,,14.6,,1013.1,
6/26/2025 0:00,22,13.8,29.2,0,,,12.6,,1013.2,
6/27/2025 0:00,24.8,16.1,31.4,0,,,12.7,,1011.2,
6/28/2025 0:00,25.7,17,31.8,0,,,11.9,,1010.6,
6/29/2025 0:00,23.8,17.9,28,0.3,,,15.7,,1013.3,
6/30/2025 0:00,21.6,17.6,25.9,0.2,,,13.7,,1018,
7/1/2025 0:00,23.9,16.6,31.5,0,,,13.2,,1015.3,
7/2/2025 0:00,25.5,17.2,32.1,0,,,14.5,,1011.1,
7/3/2025 0:00,25,17.5,30.7,0,,,14.7,,1008.1,
7/4/2025 0:00,24,18.8,28.9,0.2,,,13.8,,1010,
7/5/2025 0:00,24.3,17.6,30.3,0.1,,,11.7,,1014.5,
7/6/2025 0:00,24.2,17.7,30.1,0.1,,,14.4,,1014.4,
7/7/2025 0:00,24.5,16.5,31.2,0,,,13.2,,1014.1,
7/8/2025 0:00,25.9,17.3,32.7,0,,,12.4,,1015.7,
7/9/2025 0:00,28.1,18.2,36,0,,,12.6,,1012.8,
7/10/2025 0:00,26.4,21.3,30.6,0,,,14.2,,1009,
7/11/2025 0:00,22.4,17.7,28,8.6,,,16.7,,1012.3,
7/12/2025 0:00,20.8,14,27,0.8,,,12.9,,1016.2,
7/13/2025 0:00,24.3,16.6,30.7,0,,,12.7,,1015.1,
7/14/2025 0:00,25.3,18.3,31.9,0.1,,,15.8,,1013.4,
7/15/2025 0:00,26.1,17.9,32.6,0,,,14.1,,1009.1,
7/16/2025 0:00,22,17.9,27.4,2.1,,,17.9,,1012,
7/17/2025 0:00,20.9,14.5,27,0.2,,,16.4,,1014.4,
7/18/2025 0:00,24.1,17,29.3,0.8,,,13,,1011.9,
7/19/2025 0:00,24.9,17.8,30.7,0,,,13,,1011.8,
7/20/2025 0:00,25.6,17.9,31.3,0,,,11.6,,1011.1,
7/21/2025 0:00,25.6,18.4,31.2,0,,,14.7,,1009.4,
7/22/2025 0:00,24.5,18.7,29.7,1.3,,,14.3,,1008.5,
7/23/2025 0:00,22,17,26.3,4.2,,,12.5,,1011.9,
7/24/2025 0:00,21.6,15.9,27.3,0.3,,,13,,1016.3,
7/25/2025 0:00,23.7,16.5,30.3,0,,,12.8,,1013.3,
7/26/2025 0:00,25.4,16.5,31.9,0,,,12.3,,1010.6,
7/27/2025 0:00,26.9,17.9,34.1,0,,,12.2,,1012.4,
7/28/2025 0:00,27.5,18.8,34.1,0,,,12.3,,1015,
7/29/2025 0:00,23.2,19.8,25.9,3.7,,,12.3,,1018.5,
7/30/2025 0:00,21,16.8,25.1,1,,,13.1,,1019.6,
7/31/2025 0:00,20.4,15.1,26.7,0.3,,,12.4,,1020.6,
8/1/2025 0:00,21.4,14.4,27.6,0.6,,,12.4,,1021.1,
8/2/2025 0:00,22.1,15.7,27.4,1.4,,,12.8,,1018.6,
8/3/2025 0:00,22.7,14.2,29.3,0,,,10.5,,1015.6,
8/4/2025 0:00,24.9,15.5,33.3,0,,,15.4,,1012,
8/5/2025 0:00,26.6,17,33.5,0,,,18.3,,1011,
8/6/2025 0:00,26.7,18.4,33.5,0,,,15.9,,1015,
8/7/2025 0:00,28.3,19.4,36,0,,,18.7,,1012.1,
8/8/2025 0:00,27.2,21.7,33.7,0,,,18.2,,1007.8,
8/9/2025 0:00,21.6,16.1,27.4,8.2,,,14.8,,1012.6,
8/10/2025 0:00,18.9,15.7,22.3,4.3,,,16,,1016.8,
8/11/2025 0:00,20.1,12.9,27.2,0,,,9.6,,1017.1,
8/12/2025 0:00,22.9,15.9,30,0,,,11.5,,1016.3,
8/13/2025 0:00,26.1,18,33.9,0,,,13.7,,1011,
8/14/2025 0:00,26.8,18.9,33.1,0.2,,,13.4,,1009,
8/15/2025 0:00,25.4,18.2,30.9,0,,,12.4,,1010.7,
8/16/2025 0:00,23.5,18,28.7,2.1,,,12.3,,1012.7,
8/17/2025 0:00,24.9,17.2,31.1,0,,,10.3,,1012.5,
8/18/2025 0:00,25,19.4,31.6,0,,,12.5,,1014.8,
8/19/2025 0:00,24.6,18.1,31.5,0,,,12.2,,1018.5,
8/20/2025 0:00,25.6,18.1,33.2,0,,,14.7,,1017.9,
8/21/2025 0:00,26.3,18.4,33.9,0,,,13.6,,1014.9,
8/22/2025 0:00,22.5,18.6,26.8,4,,,17.1,,1017.2,
8/23/2025 0:00,20,15.7,24.4,0.7,,,13.4,,1020.6,
8/24/2025 0:00,19.6,15.3,24.2,6.6,,,13.1,,1017.8,
8/25/2025 0:00,17.2,14.6,20.9,14.1,,,13.4,,1019.1,
8/26/2025 0:00,17.8,13.8,22.9,3.5,,,11,,1019.9,
8/27/2025 0:00,19.1,14.8,24.1,2.3,,,11.3,,1016.6,
8/28/2025 0:00,19.2,14.5,23.9,1.9,,,11.7,,1018.1,
8/29/2025 0:00,19.1,14.1,24.5,3,,,11.3,,1016.9,
8/30/2025 0:00,17.8,13.5,22.6,3.1,,,10,,1018.3,
8/31/2025 0:00,19.5,12.3,26,0,,,7.6,,1020.9,
9/1/2025 0:00,20.8,14.1,27.4,0,,,9.3,,1021.2,
9/2/2025 0:00,21,14,27.8,0,,,9.3,,1020.6,
9/3/2025 0:00,22.3,14.4,29.2,0,,,10.9,,1015.9,
9/4/2025 0:00,22.3,15,28.8,0,,,14.5,,1010.6,
9/5/2025 0:00,16.5,13.6,19.1,0,,,17.9,,1015.3,
9/6/2025 0:00,17.9,10.5,25.2,0,,,11,,1016.6,
9/7/2025 0:00,20.2,14.8,25.6,0,,,12,,1016.5,
9/8/2025 0:00,21.5,14.5,28.1,1,,,12.3,,1014.7,
9/9/2025 0:00,20.7,14.7,26.3,0,,,10.7,,1013,
9/10/2025 0:00,21.9,14.8,29.7,0,,,13.7,,1012.7,
9/11/2025 0:00,22.8,17.8,28.4,0.3,,,13.8,,1012.9,
9/12/2025 0:00,20.7,16.3,24.1,0.2,,,16.3,,1012.6,
9/13/2025 0:00,18.3,13.8,23.2,1.6,,,13,,1011.4,
9/14/2025 0:00,15.4,10.6,20.8,0.7,,,10.3,,1012.7,
9/15/2025 0:00,19.2,12.3,26.4,0,,,10.7,,1014.8,
9/16/2025 0:00,17.3,13.8,22.7,0.5,,,13.5,,1017.5,
9/17/2025 0:00,14.5,11.6,18.6,0,,,10.5,,1019.3,
9/18/2025 0:00,15.7,9.3,22,0,,,8,,1017.6,
9/19/2025 0:00,17.9,10.6,25.1,0,,,8.6,,1014.8,
9/20/2025 0:00,17.7,11.9,24.8,0.1,,,9,,1015.1,
9/21/2025 0:00,18.9,12.8,25.1,0,,,9.9,,1011.3,
9/22/2025 0:00,17,12.7,21.7,6.3,,,14,,1010.2,
9/23/2025 0:00,10.6,7.8,12.5,26.4,,,18.9,,1020.7,
9/24/2025 0:00,14.1,8.5,20.2,0,,,6.5,,1024.5,
9/25/2025 0:00,16.5,8.4,25.4,0,,,7.6,,1018.9,
9/26/2025 0:00,18.5,10.6,27,0,,,8.7,,1011.8,
9/27/2025 0:00,17.9,11.9,23.9,0,,,10.6,,1015.3,
9/28/2025 0:00,18.5,13.3,25.2,0,,,11.1,,1014.2,
9/29/2025 0:00,16.7,12.2,22.7,0.2,,,9.2,,1015.7,
9/30/2025 0:00,17.3,10.7,24.9,0.8,,,10.7,,1013.5,
10/1/2025 0:00,17.9,11.9,24.8,0,,,9.7,,1014.6,
10/2/2025 0:00,18.9,12,26.5,0,,,10,,1017.5,
10/3/2025 0:00,20,12.7,27.8,0,,,11.7,,1013,
10/4/2025 0:00,19.2,13.4,25.6,0,,,23.3,,1002.8,
10/5/2025 0:00,12.4,8.4,16.7,4.6,,,16.4,,1010.1,
10/6/2025 0:00,8.8,6.6,11.9,7.4,,,17.8,,1019.3,
10/7/2025 0:00,10.9,6.4,16.1,0.2,,,8.6,,1022,
10/8/2025 0:00,14.6,7.5,21.7,0,,,9.6,,1018.2,
10/9/2025 0:00,18,10.4,25.3,0,,,9.5,,1019.5,
10/10/2025 0:00,17,12.4,21.9,,,,10.3,,1019.5,
10/11/2025 0:00,14.5,11.3,18.1,,,,11.9,,1008.3,
10/12/2025 0:00,15.1,11.1,20.4,0,,,16.4,,1004.3,
10/13/2025 0:00,9.9,6.4,14.4,2.3,,,16.2,,1015.2,
10/14/2025 0:00,13.6,7.8,20.5,0.1,,,9.3,,1014.6,
10/15/2025 0:00,15.9,9.7,22.9,0,,,13.5,,1010,
10/16/2025 0:00,14.7,9.8,18.8,0,,,17,,1005.6,
10/17/2025 0:00,11.4,6.1,18.3,0,,,9.7,,1009.8,
10/18/2025 0:00,10.3,4.8,17.1,0,,,22.1,,1013.4,
10/19/2025 0:00,12.2,2.2,23.5,0,,,14.4,,1012.9,
10/20/2025 0:00,12.3,6.1,16.2,0,,,26.7,,1013,
10/21/2025 0:00,9.9,2.3,18.9,0,,,8.6,,1020.8,
10/22/2025 0:00,11.5,4.4,20.1,0,,,8.1,,1018.7,
10/23/2025 0:00,10.6,5.1,17.6,0,,,10.3,,1015.1,
10/24/2025 0:00,10.3,6.1,15.4,0.8,,,9.4,,1016.5,
10/25/2025 0:00,11.7,4.1,20.6,0,,,10.5,,1014.7,
10/26/2025 0:00,12.5,6.7,19.8,0,,,12.6,,1010.9,
10/27/2025 0:00,10.2,6,15.9,3.3,,,15.8,,1010.6,
10/28/2025 0:00,4.6,1.1,8.5,0,,,16.4,,1028.4,
10/29/2025 0:00,5.1,-2.2,11.9,0,,,8.5,,1028.1,
10/30/2025 0:00,7.7,3.8,12.5,0,,,10.6,,1020.1,
10/31/2025 0:00,4.1,-0.8,8.8,0,,,11.3,,1019.2,
11/1/2025 0:00,6.4,-2.4,16.6,0,,,8.1,,1020.5,
11/2/2025 0:00,13.9,6.1,24.4,0,,,11.3,,1016.5,
11/3/2025 0:00,7.4,3,12.2,0,,,9.2,,1021.9,
11/4/2025 0:00,11.9,2.1,21.7,0,,,9.8,,1016.4,
11/5/2025 0:00,9.8,4.5,17.4,0,,,10,,1020.7,
11/6/2025 0:00,10.4,5,16.4,0,,,18.7,,1012.2,
11/7/2025 0:00,8.3,1.8,15.5,0,,,11.6,,1013.1,
11/8/2025 0:00,6.2,0.9,11.1,0,,,13.3,,1019.2,
11/9/2025 0:00,3.1,-1.7,8.9,0,,,9,,1031.3,
11/10/2025 0:00,8.5,-2,20.5,0,,,9.5,,1023.7,
11/11/2025 0:00,12.4,7.8,20.2,0,,,13.5,,1016.7,
11/12/2025 0:00,10.2,4.7,17.5,0,,,6.2,,1018.6,
11/13/2025 0:00,12.3,6.1,20.7,0,,,8.7,,1016.6,
11/14/2025 0:00,13.1,6.4,22,0,,,11.2,,1013.4,
11/15/2025 0:00,13.1,7.8,20.7,0,,,9,,1013,
11/16/2025 0:00,11,5.1,17.4,0,,,10.3,,1008.7,
11/17/2025 0:00,8.3,5.2,12.4,0,,,13.6,,1005.3,
11/18/2025 0:00,8,3.2,14.6,0,,,10.7,,1014,
11/19/2025 0:00,8.5,3.1,15.6,0,,,8.1,,1015.6,
11/20/2025 0:00,6.1,3.4,9.3,1.9,,,9.6,,1013.3,
11/21/2025 0:00,5.3,3.3,7.9,0.6,,,8.9,,1016.8,
11/22/2025 0:00,6.4,1.3,12.4,0,,,8.2,,1021,
11/23/2025 0:00,5.6,1.4,10.2,0,,,8,,1014.7,
11/24/2025 0:00,6.4,2.3,11.5,0,,,8.4,,1013.6,
11/25/2025 0:00,2.3,-2.4,6.8,0,,,15,,1022.2,
11/26/2025 0:00,0,-5.5,4.7,0,,,12.1,,1025,
11/27/2025 0:00,3.2,-1.1,8.1,,,,8.6,,1024,
11/28/2025 0:00,3.3,-0.4,7.5,,,,13.2,,1014.7,
11/29/2025 0:00,-0.7,-3.7,1.6,,,,14,,1021.6,
11/30/2025 0:00,-3.8,-5.8,-1.4,,,,16.9,,1022.9,
12/1/2025 0:00,-4.3,-7.8,-0.6,,,,7.9,,1025.4,
12/2/2025 0:00,-2.2,-6.6,1.8,,,,4.3,,1020.3,
12/3/2025 0:00,-0.7,-3.9,2.8,,,,5.3,,1019,
12/4/2025 0:00,-0.6,-3.8,4.3,,,,13.1,,1020.4,
12/5/2025 0:00,-1.2,-5.3,3.9,,,,13,,1014.2,
12/6/2025 0:00,2.2,-2.9,7.3,,,,14,,1007.8,
12/7/2025 0:00,1.5,-2,7.2,,,,12.3,,1021.3,
12/8/2025 0:00,3.4,-2.8,11.2,,,,13.1,,1020.8,
12/9/2025 0:00,7,-0.2,14.8,,,,18,,1012.9,
12/10/2025 0:00,6.9,2.2,13.9,,,,17.3,,1018.2,
12/11/2025 0:00,9.6,4.2,17.1,,,,17.7,,1013.7,
12/12/2025 0:00,6.9,1.9,15.1,,,,10.9,,1017.2,
12/13/2025 0:00,5.5,-1.2,13.2,,,,17.2,,1019.4,
12/14/2025 0:00,3.6,-4.1,11.5,,,,7.9,,1024.7,
12/15/2025 0:00,5.8,-0.7,13.9,,,,7.6,,1020.7,
12/16/2025 0:00,6.9,-1.3,14.3,,,,10.7,,1016.1,
12/17/2025 0:00,7.9,2.9,14.4,,,,20.4,,1007.5,
12/18/2025 0:00,3,0.1,6.8,,,,20.5,,1014.4,
12/19/2025 0:00,8.3,0,17.6,,,,14.1,,1004.6,
12/20/2025 0:00,5.6,0.5,8.1,,,,17.6,,1012.3,
12/21/2025 0:00,4.8,-2.5,14.1,,,,10.9,,1017.4,
12/22/2025 0:00,10.4,3.8,21.2,,,,11.1,,1015.3,
12/23/2025 0:00,8.5,2.8,17.2,,,,8.3,,1019.5,
12/24/2025 0:00,10.4,5,16.7,,,,9.7,,1017.9,
12/25/2025 0:00,10.6,5.9,16.9,,,,12.2,,1013,
12/26/2025 0:00,8.2,3.7,15,,,,9.9,,1011.9,
12/27/2025 0:00,6.6,2.8,12.1,,,,12.1,,1006.1,
12/28/2025 0:00,-3,-6.6,2,,,,20.4,,1023.2,
12/29/2025 0:00,-3,-9.5,4.4,,,,8.2,,1032.7,
12/30/2025 0:00,0.7,-6.6,8.8,,,,8.3,,1028.3,
12/31/2025 0:00,4.6,-4.8,15.2,,,,6.9,,1021,
